SQSTM1,DHRPPC[Carb]AQEAPR[Harg],b9+2,y5+1,y10+2,b6+1,y11+2,b9+1
TNFRSF4,EC[Carb]QPGHGMVSR[Harg],y7+2,y8+2,y4+1,y5+1,y7+1,y8+1
CD8A,AAEGLDTQR[Harg],y6+1,y5+2,y7+1,b4+1,y4+1,y8+1
TNFRSF4,PPGGGSFR[Harg],y6+1,b7+1,y5+1,y7+1,b4+2,y4+1
SOX2,APC[Carb]QAGDLR[Harg],y6+1,y5+1,b5+1,y7+1,y8+1,y8+2
SOX2,LLSETEK[Hlys],y5+1,y3+1,y6+1,y4+1,b3+1
TXN,VGEFSGANK[Hlys],y8+1,y4+1,y6+1,y3+1,y7+1,b3+1
CD279,VTQLPNGR[Harg],y3+1,y4+1,y6+1,y7+1,b4+1,b3+1
CCL5,QVC[Carb]AMPEK[Hlys],b4+1,y6+1,y4+1,y5+1,y7+1,b7+1
CUL3,INEEIER[Harg],y6+1,y5+1,y3+1,y4+1,b3+1,y3+2
TKT,AVELAANTK[Hlys],y4+1,y7+1,y3+1,y6+1,b7+2,y5+2
CYP4F11,FDQENIK[Hlys],y6+1,b5+1,b6+1,y5+1,b3+1,y3+1
MAFG,AELQQEVEK[Hlys],y6+1,b5+1,y5+1,y4+1,b8+2,b3+1
MAP2,GGQVQIVTK[Hlys],y3+1,y5+1,b3+1,b5+1,y4+1,y5+2
CABYR,LAQLEENAK[Hlys],y4+1,y7+2,y8+1,y6+2,y3+1,y6+1
CD274,LQDAGVYR[Harg],y6+1,y5+1,y4+1,y7+1,b3+1,y3+2
BLVRB,LQAVTDDHIR[Harg],y4+1,b3+1,y6+2,y3+1,y5+1,y6+1
IDH1,GLPNVQR[Harg],b5+1,y4+1,y5+2,y5+1,b3+1,y3+2
ME1,TATVYPEPQNK[Hlys],y7+2,y5+1,y6+1,b3+1,b6+1,y9+1
HTATIP2,AGAEGFVR[Harg],y3+1,y5+1,y7+1,y6+1,y4+2,b3+1
GSTM3,YTC[Carb]GEAPDYDR[Harg],y9+2,y8+1,y9+1,y5+1,y3+1,y7+1
ME1,AIVVTDGER[Harg],y3+1,b8+1,y4+1,y7+1,y6+1,b3+1
AKR1C3,AIDGLDR[Harg],y3+1,y5+1,y4+1,b6+1,b3+1,y6+1
CBR3,VALVTGANR[Harg],y4+1,y6+1,y7+1,b4+1,y8+1,y5+2
SLC7A11,GGYLQGNVNGR[Harg],y5+1,y6+1,b3+1,y8+1,y7+2,y4+1
TKT,DAIAQAVR[Harg],y5+1,b4+1,y6+1,y3+1,y4+2,b3+1
MAP2,DQGGAGEGLVR[Harg],y9+1,y6+1,y8+1,y4+1,y7+1,y5+1
GSTM1,RPWFAGNK[Hlys],y7+2,y5+1,y3+1,b6+2,b4+2,b4+1
ADD2,VNVADEVQR[Harg],y4+1,b7+1,y7+1,y6+1,y5+1,y8+1
ABHD4,YVSLPNQNK[Hlys],b4+1,y7+1,y5+2,y3+1,y5+1,y6+2
AKR1B1,LLLNNGAK[Hlys],y5+1,y4+1,y7+2,b6+1,y6+2,y3+1
SLC7A11,LPSLGNK[Hlys],y4+1,y6+2,y3+1,y5+1,y6+1,b4+2
GCLC,VLETLQEK[Hlys],y6+1,y5+1,y7+1,y4+1,b4+1,b3+1
CTLA4,AQLNLATR[Harg],y6+1,y5+1,y4+1,b5+1,b3+1,y3+1
GSTM4,VAVWGNK[Hlys],y3+1,y5+2,y6+1,b5+1,b3+1,y4+2
BAG2,IIDEVVNK[Hlys],b4+1,y3+1,y6+1,y7+2,y4+1,b3+1
DHFR,EPPQGAHFLSR[Harg],y3+1,y10+2,y6+2,y7+2,y8+2,y6+1
AKR1B10,VAIDAGYR[Harg],y3+1,y4+1,y5+1,y6+1,y7+2,y7+1
TP53,VEYLDDR[Harg],y5+1,y6+1,y3+1,b3+1,y4+2,y4+1
AKR1D1,VAIDTGYR[Harg],y4+1,y5+1,y6+1,y7+1,y3+1
GAPDH,VKVGVNGFGR[Harg],b5+1,y7+1,y5+1,y3+1,y8+1,b3+1
GAPDH,VGVNGFGR[Harg],y7+1,y4+1,b5+1,y6+1,b4+1,b3+1
SRXN1,YAAYQQLQR[Harg],y7+1,b4+2,b3+1,y5+1,b4+1,y8+1
TP73,VSTPPPPGTAIR[Harg],y8+1,y6+1,y9+1,y7+1,y10+1,y11+1
NQO1,EGHLSPDIVAEQK[Hlys],y6+1,y5+2,b8+2,b3+1,b7+1,b6+2
SHMT2,LGAPALTSR[Harg],y4+1,b5+1,y8+1,y7+2,y5+1,b4+1
AKR1B10,TAAQVLIR[Harg],y5+1,y3+1,b5+1,y6+2,y7+1,y3+2
CCL5,EYFYTSGK[Hlys],y6+2,y3+1,y4+1,y5+1,y7+1,y6+1
GAPDH,VIPELNGK[Hlys],y6+1,y4+1,b6+1,y5+1,b6+2,y3+1
GPX4,EFAAGYNVK[Hlys],y5+1,y6+1,y7+1,y3+1,y4+1,b3+1
TP53,TYQGSYGFR[Harg],y6+1,y5+1,y3+1,y4+1,b3+1,y8+1
E7,LC[Carb]VQSTHVDIR[Harg],y10+2,y6+1,y7+2,y4+1,y3+1,y6+2
AKR1D1,TAAQIVLR[Harg],y6+1,b5+1,y4+1,b4+1,y7+1,y3+2
E6,TAMFQDPQER[Harg],b4+1,y6+1,y5+1,y4+1,y8+1,y4+2
PRDX1,ADEGISFR[Harg],y5+1,b7+2,y6+1,y3+2,y4+2,y7+1
UGDH,VLIGGDETPEGQR[Harg],y3+1,b4+1,y4+1,y7+1,y10+1,y12+1
GAPDH,AVGKVIPELNGK[Hlys],y6+1,y7+1,b4+1,b8+1,b5+1,y10+2
FECH,LEYC[Carb]NPYR[Harg],y5+1,y4+1,y7+1,b3+1,y3+1,b4+1
PSAT1,IINNTENLVR[Harg],y7+1,b7+1,y5+1,y4+1,y8+2,y9+1
TNFRSF4,TPIQEEHTDAHFTLAK[Hlys],b11+2,y5+1,b10+1,y10+2,y7+2,y4+1
DNAJB4,DGSNIIYTAK[Hlys],y5+1,y4+1,b5+1,y6+1,y7+1,y3+1
CD279,LAAFPEDR[Harg],y3+1,y4+2,b7+1,y7+1,y5+1,b3+1
AKR1D1,SLGVSNFNR[Harg],y7+1,y3+1,b3+1,y5+1,b8+2,y6+2
ABCB6,YYNAESYEVER[Harg],y10+1,y7+1,y8+1,y9+1,y6+1,y4+1
NDUFAF4,IMQEYQLEQK[Hlys],y7+1,b6+1,y8+1,y5+1,y9+1,b5+1
NFE2L2,QDIDLGVSR[Harg],b4+1,y4+1,y6+1,y7+1,y8+1,y7+2
CD279,DFHMSVVR[Harg],b4+1,y4+1,y5+1,b5+1,y6+2,y7+2
UCHL1,FSAVALC[Carb]K[Hlys],y3+1,b3+1,y7+1,y6+1,y4+1,y5+2
GSTM4,VC[Carb]YSPDFEK[Hlys],y8+2,y6+1,y5+1,y3+1,y7+1,b4+1
MYC,DQIPELENNEK[Hlys],y6+1,b5+1,y7+1,y4+1,y5+1,y9+2
EGFR,YLVIQGDER[Harg],y7+1,y5+1,y4+1,y3+1,y8+1,y5+2
UCHL1,LGVAGQWR[Harg],y4+1,y7+1,y3+1,y6+1,y3+2,b4+2
ALDH3A1,IQQLEALQR[Harg],y6+1,y5+1,b5+1,b4+1,b4+2,y4+2
CBR3,TNFFATR[Harg],y4+2,y5+1,b3+1,y6+1,y3+2,y4+1
ZNF746,LLSLEGR[Harg],y5+1,y6+1,b3+1,y3+1,y4+2,y4+1
ALDH3A2,LQQLEALR[Harg],b6+1,y4+1,b4+1,b3+1,y6+2,b4+2
AKR1B1,VAIDVGYR[Harg],y3+1,y4+1,y6+1,y7+1,b4+1,y5+2
GSR,LGGTC[Carb]VNVGC[Carb]VPK[Hlys],y9+1,y8+1,y10+1,y11+1,b10+1,b4+1
NDUFAF3,LSPADDELYQR[Harg],y8+1,y7+1,y9+1,y10+1,y6+1,b7+1
GSR,LNAIYQNNLTK[Hlys],b8+1,y3+2,y6+1,b7+1,y10+1,y9+1
E7,AHYNIVTFC[Carb]C[Carb]K[Hlys],b5+2,b5+1,y5+1,b3+1,b4+2,y4+1
GSTA4,SILHYIADK[Hlys],y5+1,b6+1,y6+1,b7+1,y8+2,b5+1
KEAP1,LADLQVPR[Harg],b7+2,y6+1,y5+1,y7+1,y4+1,y4+2
TALDO1,MESALDQLK[Hlys],y7+1,y3+1,y8+1,y4+1,y6+1,b3+1
PGD,VDDFLANEAK[Hlys],y5+1,y6+1,b3+1,y9+1,y8+1,b4+1
CES1,EGYLQIGANTQAAQK[Hlys],y12+1,b3+1,b4+1,b13+2,y5+1,y6+1
MYC,PLNVSFTNR[Harg],y7+1,y4+1,y8+1,b3+1,y5+1,b5+1
SRXN1,LVQSTLSDLR[Harg],y5+1,y7+1,y3+1,y4+1,b4+1,y7+2
IDH1,ATDFVVPGPGK[Hlys],y5+1,y6+1,b4+1,y9+2,y5+2,y7+1
NDUFAF3,LQSQVLQAMR[Harg],y8+1,b5+1,y5+1,y6+1,y4+1,b4+1
GCLM,LFIVESNSSSSTR[Harg],y12+1,y4+1,b10+1,b9+2,b3+1,y10+1
PGD,AGQAVDDFIEK[Hlys],y6+1,y9+1,b3+1,y7+1,y4+1,y5+1
TXNRD1,IGLETVGVK[Hlys],y8+1,y7+2,y5+1,y4+1,b8+2,y6+1
HTATIP2,NVNQEVVDFEK[Hlys],y5+1,b5+1,y9+1,y6+1,y4+1,y7+1
EGFR,DSLSINATNIK[Hlys],y8+1,y6+1,y7+1,y4+1,y5+1,b4+1
BAG2,FLDDLGNAK[Hlys],y7+1,y6+1,y5+1,y8+1,b6+1,b4+1
PGD,TIFQGIAAK[Hlys],y6+1,y4+1,b3+1,y5+1,y7+2,y8+1
PRDX1,TIAQDYGVLK[Hlys],y8+1,y4+1,y5+1,y7+2,y6+1,y3+1
PTGR1,TVESLEETLK[Hlys],y8+1,y7+1,y4+1,y6+2,y3+1,y5+1
TP53,ELNEALELK[Hlys],y7+1,y5+1,b5+1,y6+1,y4+1,y3+1
CCND1,AEETC[Carb]APSVSYFK[Hlys],y8+1,y10+1,b6+1,y11+1,y10+2,y5+1
CTLA4,AMDTGLYIC[Carb]K[Hlys],y8+1,y4+1,y5+1,y6+1,y7+1,b3+1
HMOX1,TEPELLVAHAYTR[Harg],y11+2,b6+1,y9+2,y4+1,y7+1,y9+1
PIR,VTLSVLSR[Harg],b5+1,y5+1,y7+1,y4+2,b3+1,b4+1
AKR1C1|AKR1C2|AKR1C3,LAIEAGFR[Harg],y5+1,y4+1,b3+1,b7+1,y7+1,y3+1
NAMPT,YDGHLPIEIK[Hlys],y5+1,y7+2,y3+1,b6+1,y4+1,b7+1
UGDH,LAANAFLAQR[Harg],b4+1,b9+1,b6+1,y8+1,y6+1,b5+1
KEAP1,VVLASSSPVFK[Hlys],y10+1,y9+1,y8+1,y6+1,y7+1,b8+1
NR2F6,AQVALTEYVR[Harg],y8+1,y7+1,y6+1,y5+1,b3+1,b5+1
CCND1,AYPDANLLNDR[Harg],y8+1,y6+1,y7+1,y4+1,y5+1,y9+1
PTGR1,IAIC[Carb]GAISTYNR[Harg],b11+1,y10+1,y6+1,y7+1,y4+2,y9+2
NFE2L2,EVFDFSQR[Harg],y6+2,y5+1,y4+1,y3+1,b6+2,y7+1
TALDO1,LSSTWEGIQAGK[Hlys],b5+1,y9+1,y6+1,b7+2,b10+2,y9+2
FECH,AESLNGNPLFSK[Hlys],y6+1,b9+1,y5+1,y8+1,b3+1,b10+2
E6,DLC[Carb]IVYR[Harg],y4+1,y3+1,y5+2,y3+2,y5+1,b3+1
CCL5,C[Carb]SNPAVVFVTR[Harg],y8+1,y5+1,y6+1,y10+1,y7+1,b6+1
TRIM16,EAELQC[Carb]TQLDLER[Harg],y9+1,y10+1,y8+1,y5+1,b3+1,b5+1
AKR1C2,TPALIALR[Harg],y5+1,b5+1,b4+1,y3+1,y7+2,b6+1
KEAP1,IGVGVAVLNR[Harg],y7+1,y4+1,y9+1,b5+1,b7+1,y8+1
TP63,FVETPAHFSWK[Hlys],y3+1,b7+1,y8+2,y6+1,y6+2,y4+1
CBR1,GIGLAIVR[Harg],y6+1,y4+1,b3+1,b4+1,b4+2,y3+1
ADD2,GNNSSNIWALR[Harg],y5+1,y7+1,y8+1,y6+1,b4+1,y4+1
TXNRD1,VELTPVAIQAGR[Harg],y8+1,y5+1,b8+2,y10+1,y9+1,b7+1
ALDH3A1,LPEWAADEPVEK[Hlys],y8+1,b11+1,y10+1,y9+1,b6+1,b8+1
NDUFAF4,EQISLYPEVK[Hlys],y4+1,y7+1,y5+1,y8+1,y6+1,b4+1
NDUFAF3,IEIVVVGTGDR[Harg],b8+1,y9+1,y7+1,y10+1,y6+1,b3+1
MAFG,VAATSVITIVK[Hlys],y10+1,y8+1,y5+1,y9+1,y6+1,b10+2
GAPDH,GALQNIIPASTGAAK[Hlys],b4+1,y9+1,y11+1,y3+1,y5+1,b10+2
DNAJB4,EVAEAYEVLSDPK[Hlys],y10+1,y11+1,b5+1,y5+1,y9+1,y8+1
CABYR,LVVPYGLK[Hlys],y4+1,b6+1,y3+1,y6+2,y5+1,y7+1
ALDH3A2,ILSLLEGQK[Hlys],y7+1,y3+1,y4+1,b4+1,y8+1,y5+2
G6PD,LEDFFAR[Harg],y5+1,y3+1,y6+1,b3+1,y4+2,y4+1
EPHX1,FSTWTNTEFR[Harg],y4+1,y6+1,y8+1,y7+2,y9+1,y3+1
HMOX1,YLGDLSGGQVLK[Hlys],b4+1,y9+1,y10+1,y8+1,y4+1,y11+1
MGST1,VFANPEDC[Carb]VAFGK[Hlys],y11+1,y12+1,y7+1,y6+1,y9+1,y9+2
CD274,LFNVTSTLR[Harg],y6+1,b5+1,y5+1,y7+1,y4+1,b3+1
PRDX1,LVQAFQFTDK[Hlys],y7+1,b4+1,y5+1,y8+1,y6+2,y4+1
IDH1,SEGGFIWAC[Carb]K[Hlys],b5+1,y3+1,y8+1,y4+1,y7+1,y6+1
PSAT1,FGVIFAGAQK[Hlys],y5+1,y7+1,b4+1,y4+1,b3+1,y9+1
GSTA4,YFPVFEK[Hlys],b6+2,y3+1,b3+1,y4+1,y5+1,y6+1
GSTM1|GSTM2|GSTM3,C[Carb]LDAFPNLK[Hlys],y4+1,y7+1,b3+2,b5+1,y5+1,b4+1
GPX4,TEVNYTQLVDLHAR[Harg],y10+2,y11+2,y9+2,y6+1,y10+1,y8+1
NFE2L2,ALHIPFPVEK[Hlys],b3+2,y4+1,b6+1,y4+2,b4+1,b5+1
TNFRSF4,LPPDAHKPPGGGSFR[Harg],b6+2,y3+1,b4+2,y7+2,y3+2
DNAJB4,EIYDQFGEEGLK[Hlys],b6+1,y8+1,b4+1,y11+1,y6+1,b5+1
MYC,LISEEDLLR[Harg],y7+1,y5+1,y6+1,y8+1,b7+1,b6+1
MAP1B,AIGNIELGIR[Harg],b7+2,y8+1,y9+2,b5+1,y5+1,y7+1
FOXP3,WAILEAPEK[Hlys],y3+1,y4+1,y7+1,y6+1,y8+1,y5+1
CDKN2A,LPVDLAEELGHR[Harg],y4+1,b5+1,y6+1,y11+2,b6+1,y9+1
NAMPT,AVPEGFVIPR[Harg],y5+1,y6+1,y7+1,b4+2,y8+1,y3+1
ADD2,VNILGEVVEK[Hlys],y6+1,b7+1,y4+1,y8+1,b3+1,y5+1
TALDO1,LLGELLQDNAK[Hlys],y10+1,y6+1,y8+1,y5+1,b5+1,y4+1
BACH1,EAALSQEQIQILAK[Hlys],b4+1,b3+1,y11+1,y6+1,y8+1,y7+1
CBR3,VVNISSLQC[Carb]LR[Harg],y8+1,y10+1,b3+1,y7+1,y9+1,y5+1
CBR1,LFSGDVVLTAR[Harg],y10+1,y7+1,y9+1,y6+1,y4+1,y5+1
GSTM3,FSWFAGEK[Hlys],y5+1,b3+1,y4+1,y7+1,y6+1,y3+1
CDKN2A,ALLEAGALPNAPNSYGR[Harg],y15+1,b7+1,y13+2,b6+1,y6+1,y11+1
SHMT2,VLELVSITANK[Hlys],y4+1,b6+1,b5+1,y10+1,y7+1,y3+1
MGST1,IYHTIAYLTPLPQPNR[Harg],b5+1,b7+1,b9+2,b3+1,y7+2,b6+1
GPX4,ILAFPC[Carb]NQFGK[Hlys],y6+1,b3+1,y7+1,y10+1,y8+1,y5+1
HTATIP2,SSNFLYLQVK[Hlys],y5+1,y6+1,b5+1,y7+1,y4+1,b3+1
E6,EVYDFAFR[Harg],y4+1,y6+1,y5+1,y3+2,y7+1,y3+1
GSR,ALLTPVAIAAGR[Harg],y9+1,b7+1,b11+1,y5+2,b4+1,y7+1
NQO1,IQILEGWK[Hlys],y6+1,y5+2,y4+1,b3+1,y7+1,y4+2
LDHA,FIIPNVVK[Hlys],y4+1,b5+1,b3+1,b7+2,y7+1,y5+1
ME1,DLAFTLEER[Harg],y7+1,y6+1,y5+1,y4+1,b3+1,y3+1
CUL3,FLLESFNNDR[Harg],y8+1,y5+1,y6+1,b4+1,b8+2,y9+1
ALDH3A2,NVDEAINFINER[Harg],y4+1,y8+1,y10+1,y9+1,y11+1,y7+1
TRIM16,EVLC[Carb]DFC[Carb]LDDTR[Harg],y9+1,y7+1,y6+1,y5+1,y3+1,y9+2
G6PD,IFGPIWNR[Harg],y5+1,y7+1,y5+2,y3+1,y6+2,y4+1
NFE2L2,EQFNEAQLALIR[Harg],y8+1,b4+1,y10+1,y7+1,y9+1,b6+1
EPHX1,DVELLYPVK[Hlys],b8+2,y4+1,y7+1,b4+2,y6+1,b5+1
TP73,SATWTYSPLLK[Hlys],y7+1,y4+1,b3+1,y6+1,y5+1,y8+1
MAFG,GPLAAGLGPLVPGK[Hlys],y8+1,y9+2,y11+2,y11+1,y6+1,b10+2
CD4,LTGSGELWWQAER[Harg],y8+1,y6+2,y4+1,y7+1,y10+1,y12+1
GAPDH,VIPELNGKLTGMAFR[Harg],y13+2,y8+1,y6+1,y3+1,y11+1,y10+2
CD8A,TWNLGETVELK[Hlys],y7+1,y9+1,y8+1,y3+1,y5+1,b5+1
PIR,TPTLYLDFK[Hlys],y6+1,y5+1,b7+1,y4+1,b5+1,y7+1
ZNF746,GQPLPTPPAPPDPFK[Hlys],y12+1,y7+1,y13+1,y3+1,y8+2,b7+1
GCLM,TLNEWSSQINPDLVR[Harg],y5+1,b5+1,y13+1,y9+1,y10+1,y7+1
CYP4F11,TLTQLVTTYPQGFK[Hlys],y8+1,y11+1,y12+1,y9+1,b5+1,y10+1
DHFR,NGDLPWPPLR[Harg],y5+1,b4+1,y4+2,y4+1,y6+1,y3+1
EGFR,IPLENLQIIR[Harg],y6+1,y7+1,b6+1,y8+1,y9+1,b5+1
CD273,TPEGLYQVTSVLR[Harg],y10+1,b6+1,y6+1,y9+1,y8+1,b8+1
GCLC,DPLTLFEEK[Hlys],b6+1,y4+1,y6+1,y5+1,b5+1,b3+1
DHFR,LLPEYPGVLSDVQEEK[Hlys],y4+1,y11+2,y13+1,y12+1,y10+1,y9+1
BLVRB,VVAC[Carb]TSAFLLWDPTK[Hlys],y3+1,y5+1,y6+1,y4+1,y7+1
GCLC,VVINVPIFK[Hlys],y7+2,y6+1,y5+1,y4+1,y8+1,y3+1
PIK3CA,YEQYLDNLLVR[Harg],y9+1,b8+1,y8+1,y7+1,y10+1,y3+1
SQSTM1,NYDIGAALDTIQYSK[Hlys],b3+1,y4+1,y5+1,y8+1,y7+1,y13+1
AKR1B10,IVENIQVFDFK[Hlys],y5+1,y9+1,b6+1,y6+1,b10+2,y8+1
GSTM4,SMTLGYWDIR[Harg],y6+1,y8+1,y7+1,y4+2,y4+1,b4+1
GAPDH,LISWYDNEFGYSNR[Harg],y4+1,y12+1,y5+1,y6+1,y13+1,y10+1
BAG2,LLESLDQLELR[Harg],y10+1,y9+1,b7+1,y6+1,y7+1,y4+1
ALDH3A1,SLEEAIQFINQR[Harg],y7+1,y8+1,y6+1,y9+1,y10+1,b6+1
FOXP3,TLNEIYHWFTR[Harg],y6+2,y4+1,y7+2,y8+2,b4+1,y10+2
TP63,SPDDELLYLPVR[Harg],y9+1,b9+1,b11+1,b3+1,y11+2,b8+1
NR2F6,LLFSTVEWAR[Harg],y8+1,y7+1,y5+1,y3+1,b4+1,y6+2
CD4,SWITFDLK[Hlys],y6+1,y5+1,b4+1,y4+1,y3+1,y7+1
CES1,AGQLLSELFTNR[Harg],y9+1,y10+1,b5+2,y11+1,y7+1,b9+1
SLC7A11,IQIFLTFC[Carb]K[Hlys],y4+1,y6+1,y7+1,b4+1,y5+1,b3+1
CYP4F11,VLAWTYTFYDNC[Carb]R[Harg],y11+1,y10+1,y9+1,y5+1,y8+1,y7+1
MAP1B,SVGNTIDPVILFQK[Hlys],y9+1,y11+1,y7+1,y6+1,b9+1,y12+1
LDHA,DQLIYNLLK[Hlys],y5+1,y6+1,y7+1,b3+1,y4+1,b8+2
FOXP3,GAVWTVDELEFR[Harg],y9+1,y7+1,y6+1,y10+1,y4+1,b5+1
BLVRB,TVAGQDAVIVLLGTR[Harg],y7+1,b9+1,b8+1,y6+1,y8+1,y9+1
NFE2L2,LENIVELEQDLDHLK[Hlys],y5+2,y9+1,y11+1,b4+1,y11+2,y13+2
PSAT1,DDLLGFALR[Harg],y5+1,y6+1,b3+1,y3+1,y3+2,y4+1
ABCB6,ALNVLVPIFYR[Harg],y5+1,y8+1,y7+1,y5+2,y9+1,b3+1
PIK3CA,LINLTDILK[Hlys],y7+1,b6+1,y6+1,y4+1,y8+1,y5+1
CD4,SLWDQGNFPLIIK[Hlys],y7+1,y10+1,y5+1,y11+1,y8+1,y6+1
GSTM1,PMILGYWDIR[Harg],y7+1,y8+1,y6+1,y9+1,b3+1,y5+1
HMOX1,AALEQDLAFWYGPR[Harg],y9+1,y10+1,y11+1,b4+1,y8+1,y7+1
BACH1,GFEPLIQFAYTAK[Hlys],y9+1,y3+1,y8+1,y7+1,y10+1,y5+1
G6PD,DGLLPENTFIVGYAR[Harg],y4+1,y5+1,b3+1,y12+1,y10+1,y8+1
CUL3,YVNSIWDLLK[Hlys],y8+1,y5+1,y4+1,y7+1,y3+1,y9+1
TKT,LDNLVAILDINR[Harg],y7+1,y8+1,b3+1,b4+1,y6+1,y5+1
NDUFAF4,ISIVEALTLLNNHK[Hlys],y9+1,y7+1,y10+1,y5+1,y4+1
CCND1,AC[Carb]QEQIEALLESSLR[Harg],y6+1,y7+1,b5+1,b8+1,y4+1,b4+1
