upid	accession_number	modified_sequence	collision_energy	precursor_charge	decoy	iRT
O88322	O88322	DAARTLLSLHGSIVVGIDYDCR	31.166666666666664	2	False	17.038757
O88322	O88322	DAARTLLSLHGSIVVGIDYDCR	33.0	3	False	17.038757
O88322	O88322	DAARTLLSLHGSIVVGIDYDCR	35.0625	4	False	17.038757
O88322	O88322	CDYDIGVVISGHLSLLTRAADKQLR	31.166666666666664	2	True	19.341112
O88322	O88322	CDYDIGVVISGHLSLLTRAADKQLR	33.0	3	True	19.341112
O88322	O88322	CDYDIGVVISGHLSLLTRAADKQLR	35.0625	4	True	19.341112
O88322	O88322	VNGKVSGRLR	31.166666666666664	2	False	1.9310455
O88322	O88322	VNGKVSGRLR	33.0	3	False	1.9310455
O88322	O88322	VNGKVSGRLR	35.0625	4	False	1.9310455
O88322	O88322	VSGRLRVGHIPVHFTDVDLHAYIVGNDGR	31.166666666666664	2	False	13.783171
O88322	O88322	VSGRLRVGHIPVHFTDVDLHAYIVGNDGR	33.0	3	False	13.783171
O88322	O88322	VSGRLRVGHIPVHFTDVDLHAYIVGNDGR	35.0625	4	False	13.783171
O88322	O88322	DDQYVPQCDDLGHFIPLQCHGKSDFCWCVDKDGR	31.166666666666664	2	False	16.08985
O88322	O88322	DDQYVPQCDDLGHFIPLQCHGKSDFCWCVDKDGR	33.0	3	False	16.08985
O88322	O88322	DDQYVPQCDDLGHFIPLQCHGKSDFCWCVDKDGR	35.0625	4	False	16.08985
O88322	O88322	ILYREDTSGAVLSLAARYVR	31.166666666666664	2	False	16.085308
O88322	O88322	ILYREDTSGAVLSLAARYVR	33.0	3	False	16.085308
O88322	O88322	ILYREDTSGAVLSLAARYVR	35.0625	4	False	16.085308
O88322	O88322	QGRPVGEGEVLDFRDPAELLDQMGTRAPAPPEADAALLTPVNEDLGGR	31.166666666666664	2	False	20.89566
O88322	O88322	QGRPVGEGEVLDFRDPAELLDQMGTRAPAPPEADAALLTPVNEDLGGR	33.0	3	False	20.89566
O88322	O88322	QGRPVGEGEVLDFRDPAELLDQMGTRAPAPPEADAALLTPVNEDLGGR	35.0625	4	False	20.89566
O88322	O88322	DIGLPNGLTFDPFSKLLCWADAGTKK	31.166666666666664	2	False	23.851414
O88322	O88322	DIGLPNGLTFDPFSKLLCWADAGTKK	33.0	3	False	23.851414
O88322	O88322	DIGLPNGLTFDPFSKLLCWADAGTKK	35.0625	4	False	23.851414
O88322	O88322	IETSSLDGENRRILINK	31.166666666666664	2	False	8.274301
O88322	O88322	IETSSLDGENRRILINK	33.0	3	False	8.274301
O88322	O88322	IETSSLDGENRRILINK	35.0625	4	False	8.274301
O88322	O88322	DLGSDTWYM(ox)TRRFHDIALGEPSILGSTIITEPEAGAELSAK	31.166666666666664	2	True	19.617153
O88322	O88322	DLGSDTWYM(ox)TRRFHDIALGEPSILGSTIITEPEAGAELSAK	33.0	3	True	19.617153
O88322	O88322	DLGSDTWYM(ox)TRRFHDIALGEPSILGSTIITEPEAGAELSAK	35.0625	4	True	19.617153
O88322	O88322	RFHDIALGEPSILGSTIITEPEAGAELSAR	31.166666666666664	2	True	18.041313
O88322	O88322	RFHDIALGEPSILGSTIITEPEAGAELSAR	33.0	3	True	18.041313
O88322	O88322	RFHDIALGEPSILGSTIITEPEAGAELSAR	35.0625	4	True	18.041313
O88322	O88322	LQKDAAR	31.166666666666664	2	False	0.8252251
O88322	O88322	LQKDAAR	33.0	3	False	0.8252251
O88322	O88322	LQKDAAR	35.0625	4	False	0.8252251
O88322	O88322	ERM(ox)VYWTDVAGR	31.166666666666664	2	False	9.433535
O88322	O88322	ERM(ox)VYWTDVAGR	33.0	3	False	9.433535
O88322	O88322	ERM(ox)VYWTDVAGR	35.0625	4	False	9.433535
O88322	O88322	ERCDYDIGVVISGHLSLLTR	31.166666666666664	2	True	18.124685
O88322	O88322	ERCDYDIGVVISGHLSLLTR	33.0	3	True	18.124685
O88322	O88322	ERCDYDIGVVISGHLSLLTR	35.0625	4	True	18.124685
O88322	O88322	GRILYR	31.166666666666664	2	False	3.8764305
O88322	O88322	GRILYR	33.0	3	False	3.8764305
O88322	O88322	GRILYR	35.0625	4	False	3.8764305
O88322	O88322	SFSLTSGSINQTWSYHIDQNITYQACRHAPRHLAIPATQQLTVDR	31.166666666666664	2	False	15.792338
O88322	O88322	SFSLTSGSINQTWSYHIDQNITYQACRHAPRHLAIPATQQLTVDR	33.0	3	False	15.792338
O88322	O88322	SFSLTSGSINQTWSYHIDQNITYQACRHAPRHLAIPATQQLTVDR	35.0625	4	False	15.792338
O88322	O88322	VIQNHLNYPFSIVSYADHFYHTDWRRDGVISVNK	31.166666666666664	2	False	18.563692
O88322	O88322	VIQNHLNYPFSIVSYADHFYHTDWRRDGVISVNK	33.0	3	False	18.563692
O88322	O88322	VIQNHLNYPFSIVSYADHFYHTDWRRDGVISVNK	35.0625	4	False	18.563692
O88322	O88322	TNIEGQVPFIPANFTAHITPYK	31.166666666666664	2	False	18.440405
O88322	O88322	TNIEGQVPFIPANFTAHITPYK	33.0	3	False	18.440405
O88322	O88322	TNIEGQVPFIPANFTAHITPYK	35.0625	4	False	18.440405
O88322	O88322	SLLLLM(ox)VLLSLPSPPTLWGATPDR	31.166666666666664	2	True	25.04668
O88322	O88322	SLLLLM(ox)VLLSLPSPPTLWGATPDR	33.0	3	True	25.04668
O88322	O88322	SLLLLM(ox)VLLSLPSPPTLWGATPDR	35.0625	4	True	25.04668
O88322	O88322	VGHIPVHFTDVDLHAYIVGNDGR	31.166666666666664	2	False	14.754547
O88322	O88322	VGHIPVHFTDVDLHAYIVGNDGR	33.0	3	False	14.754547
O88322	O88322	VGHIPVHFTDVDLHAYIVGNDGR	35.0625	4	False	14.754547
O88322	O88322	RVIQNHLNYPFSIVSYADHFYHTDWR	31.166666666666664	2	False	18.0372
O88322	O88322	RVIQNHLNYPFSIVSYADHFYHTDWR	33.0	3	False	18.0372
O88322	O88322	RVIQNHLNYPFSIVSYADHFYHTDWR	35.0625	4	False	18.0372
O88322	O88322	DSVVTSSSSRSFSLTSGSINQTWSYHIDQNITYQACR	31.166666666666664	2	False	16.167456
O88322	O88322	DSVVTSSSSRSFSLTSGSINQTWSYHIDQNITYQACR	33.0	3	False	16.167456
O88322	O88322	DSVVTSSSSRSFSLTSGSINQTWSYHIDQNITYQACR	35.0625	4	False	16.167456
O88322	O88322	GGLDENVPTLLAADAEPPAPARTGMQDLLEAPDR	31.166666666666664	2	True	19.385866
O88322	O88322	GGLDENVPTLLAADAEPPAPARTGMQDLLEAPDR	33.0	3	True	19.385866
O88322	O88322	GGLDENVPTLLAADAEPPAPARTGMQDLLEAPDR	35.0625	4	True	19.385866
O88322	O88322	SLLLLMVLLSLPSPPTLWGATPDR	31.166666666666664	2	True	24.911465
O88322	O88322	SLLLLMVLLSLPSPPTLWGATPDR	33.0	3	True	24.911465
O88322	O88322	SLLLLMVLLSLPSPPTLWGATPDR	35.0625	4	True	24.911465
O88322	O88322	HPAGEPLCHR	31.166666666666664	2	True	1.8360057
O88322	O88322	HPAGEPLCHR	33.0	3	True	1.8360057
O88322	O88322	HPAGEPLCHR	35.0625	4	True	1.8360057
O88322	O88322	MVYWTDVAGR	31.166666666666664	2	False	13.213237
O88322	O88322	MVYWTDVAGR	33.0	3	False	13.213237
O88322	O88322	MVYWTDVAGR	35.0625	4	False	13.213237
O88322	O88322	VLFHTDLVNPRAITVDPIR	31.166666666666664	2	False	15.543385
O88322	O88322	VLFHTDLVNPRAITVDPIR	33.0	3	False	15.543385
O88322	O88322	VLFHTDLVNPRAITVDPIR	35.0625	4	False	15.543385
O88322	O88322	VSQETNTLSFYLAERK	31.166666666666664	2	True	12.674183
O88322	O88322	VSQETNTLSFYLAERK	33.0	3	True	12.674183
O88322	O88322	VSQETNTLSFYLAERK	35.0625	4	True	12.674183
O88322	O88322	LECTLPDGTGR	31.166666666666664	2	False	7.1409626
O88322	O88322	LECTLPDGTGR	33.0	3	False	7.1409626
O88322	O88322	LECTLPDGTGR	35.0625	4	False	7.1409626
O88322	O88322	GNVRHPAGEPLCHK	31.166666666666664	2	True	1.531425
O88322	O88322	GNVRHPAGEPLCHK	33.0	3	True	1.531425
O88322	O88322	GNVRHPAGEPLCHK	35.0625	4	True	1.531425
O88322	O88322	SVEEYAGVHEWTALFAHTPTFSSGSLPFGTR	31.166666666666664	2	True	20.682175
O88322	O88322	SVEEYAGVHEWTALFAHTPTFSSGSLPFGTR	33.0	3	True	20.682175
O88322	O88322	SVEEYAGVHEWTALFAHTPTFSSGSLPFGTR	35.0625	4	True	20.682175
O88322	O88322	ISLYNEPDLGEATQTIK	31.166666666666664	2	True	14.588099
O88322	O88322	ISLYNEPDLGEATQTIK	33.0	3	True	14.588099
O88322	O88322	ISLYNEPDLGEATQTIK	35.0625	4	True	14.588099
O88322	O88322	GHSHECTELNAGNYTFVQDNSGVHDELGIVYR	31.166666666666664	2	True	13.617096
O88322	O88322	GHSHECTELNAGNYTFVQDNSGVHDELGIVYR	33.0	3	True	13.617096
O88322	O88322	GHSHECTELNAGNYTFVQDNSGVHDELGIVYR	35.0625	4	True	13.617096
O88322	O88322	VSQETNTLSFYLAEK	31.166666666666664	2	True	14.856428
O88322	O88322	VSQETNTLSFYLAEK	33.0	3	True	14.856428
O88322	O88322	VSQETNTLSFYLAEK	35.0625	4	True	14.856428
O88322	O88322	AFALYSEDEGVLRFAVTNQIGPVEVDSAPVGVNPCYDGSHTCDTTAR	31.166666666666664	2	False	19.49143
O88322	O88322	AFALYSEDEGVLRFAVTNQIGPVEVDSAPVGVNPCYDGSHTCDTTAR	33.0	3	False	19.49143
O88322	O88322	AFALYSEDEGVLRFAVTNQIGPVEVDSAPVGVNPCYDGSHTCDTTAR	35.0625	4	False	19.49143
O88322	O88322	DPAELLDQM(ox)GTR	31.166666666666664	2	False	10.562104
O88322	O88322	DPAELLDQM(ox)GTR	33.0	3	False	10.562104
O88322	O88322	DPAELLDQM(ox)GTR	35.0625	4	False	10.562104
O88322	O88322	ASLEAGAEPETIITSGLISPEGLAIDHFRRTM(ox)YWTDSGLDK	31.166666666666664	2	False	20.23684
O88322	O88322	ASLEAGAEPETIITSGLISPEGLAIDHFRRTM(ox)YWTDSGLDK	33.0	3	False	20.23684
O88322	O88322	ASLEAGAEPETIITSGLISPEGLAIDHFRRTM(ox)YWTDSGLDK	35.0625	4	False	20.23684
O88322	O88322	ELQGTR	31.166666666666664	2	False	1.463836
O88322	O88322	ELQGTR	33.0	3	False	1.463836
O88322	O88322	ELQGTR	35.0625	4	False	1.463836
O88322	O88322	M(ox)VYWTDVAGR	31.166666666666664	2	False	11.413156
O88322	O88322	M(ox)VYWTDVAGR	33.0	3	False	11.413156
O88322	O88322	M(ox)VYWTDVAGR	35.0625	4	False	11.413156
O88322	O88322	CGPNSVCVNLVGSYR	31.166666666666664	2	False	12.280707
O88322	O88322	CGPNSVCVNLVGSYR	33.0	3	False	12.280707
O88322	O88322	CGPNSVCVNLVGSYR	35.0625	4	False	12.280707
O88322	O88322	DLGSDTWYMTK	31.166666666666664	2	True	13.652185
O88322	O88322	DLGSDTWYMTK	33.0	3	True	13.652185
O88322	O88322	DLGSDTWYMTK	35.0625	4	True	13.652185
O88322	O88322	DSGQFTDEFLPEQR	31.166666666666664	2	False	14.670435
O88322	O88322	DSGQFTDEFLPEQR	33.0	3	False	14.670435
O88322	O88322	DSGQFTDEFLPEQR	35.0625	4	False	14.670435
O88322	O88322	ETESASLDPQTKQGRPVGEGEVLDFRDPAELLDQMGTR	31.166666666666664	2	False	18.544306
O88322	O88322	ETESASLDPQTKQGRPVGEGEVLDFRDPAELLDQMGTR	33.0	3	False	18.544306
O88322	O88322	ETESASLDPQTKQGRPVGEGEVLDFRDPAELLDQMGTR	35.0625	4	False	18.544306
O88322	O88322	ESYNVQLQLPAR	31.166666666666664	2	False	12.657248
O88322	O88322	ESYNVQLQLPAR	33.0	3	False	12.657248
O88322	O88322	ESYNVQLQLPAR	35.0625	4	False	12.657248
O88322	O88322	DPAELLDQM(ox)GTRAPAPPEADAALLTPVNEDLGGR	31.166666666666664	2	False	17.824982
O88322	O88322	DPAELLDQM(ox)GTRAPAPPEADAALLTPVNEDLGGR	33.0	3	False	17.824982
O88322	O88322	DPAELLDQM(ox)GTRAPAPPEADAALLTPVNEDLGGR	35.0625	4	False	17.824982
O88322	O88322	GGRLPPVHGSEPYHPLVEGELPPVPVDPESPVPGAEPYSQTNK	31.166666666666664	2	True	14.585556
O88322	O88322	GGRLPPVHGSEPYHPLVEGELPPVPVDPESPVPGAEPYSQTNK	33.0	3	True	14.585556
O88322	O88322	GGRLPPVHGSEPYHPLVEGELPPVPVDPESPVPGAEPYSQTNK	35.0625	4	True	14.585556
O88322	O88322	DLGSDTWYM(ox)TRK	31.166666666666664	2	True	9.15496
O88322	O88322	DLGSDTWYM(ox)TRK	33.0	3	True	9.15496
O88322	O88322	DLGSDTWYM(ox)TRK	35.0625	4	True	9.15496
O88322	O88322	SCVDVNECATGFHRCGPNSVCVNLVGSYRCECR	31.166666666666664	2	False	10.78834
O88322	O88322	SCVDVNECATGFHRCGPNSVCVNLVGSYRCECR	33.0	3	False	10.78834
O88322	O88322	SCVDVNECATGFHRCGPNSVCVNLVGSYRCECR	35.0625	4	False	10.78834
O88322	O88322	DIGLPNGLTFDPFSKLLCWADAGTK	31.166666666666664	2	False	25.517948
O88322	O88322	DIGLPNGLTFDPFSKLLCWADAGTK	33.0	3	False	25.517948
O88322	O88322	DIGLPNGLTFDPFSKLLCWADAGTK	35.0625	4	False	25.517948
O88322	O88322	EDTSGAVLSLAARYVRTGFPLSGSSFTPTHAFLATWEHVGAYEEVSR	31.166666666666664	2	False	23.65644
O88322	O88322	EDTSGAVLSLAARYVRTGFPLSGSSFTPTHAFLATWEHVGAYEEVSR	33.0	3	False	23.65644
O88322	O88322	EDTSGAVLSLAARYVRTGFPLSGSSFTPTHAFLATWEHVGAYEEVSR	35.0625	4	False	23.65644
O88322	O88322	NTQSYPEAGPVPSEPDVPVPPLEGEVLPHYPESGHVPPLR	31.166666666666664	2	False	17.450909
O88322	O88322	NTQSYPEAGPVPSEPDVPVPPLEGEVLPHYPESGHVPPLR	33.0	3	False	17.450909
O88322	O88322	NTQSYPEAGPVPSEPDVPVPPLEGEVLPHYPESGHVPPLR	35.0625	4	False	17.450909
O88322	O88322	DDQYVPQCDDLGHFIPLQCHGKSDFCWCVDK	31.166666666666664	2	False	17.023325
O88322	O88322	DDQYVPQCDDLGHFIPLQCHGKSDFCWCVDK	33.0	3	False	17.023325
O88322	O88322	DDQYVPQCDDLGHFIPLQCHGKSDFCWCVDK	35.0625	4	False	17.023325
O88322	O88322	IDVSFNSK	31.166666666666664	2	False	8.359881
O88322	O88322	IDVSFNSK	33.0	3	False	8.359881
O88322	O88322	IDVSFNSK	35.0625	4	False	8.359881
O88322	O88322	RWDTHYFHDAYSVISFPYNLHNQIVRR	31.166666666666664	2	True	15.377922
O88322	O88322	RWDTHYFHDAYSVISFPYNLHNQIVRR	33.0	3	True	15.377922
O88322	O88322	RWDTHYFHDAYSVISFPYNLHNQIVRR	35.0625	4	True	15.377922
O88322	O88322	ASPWPYPAPGNWPSYRETESASLDPQTKQGRPVGEGEVLDFR	31.166666666666664	2	False	16.728834
O88322	O88322	ASPWPYPAPGNWPSYRETESASLDPQTKQGRPVGEGEVLDFR	33.0	3	False	16.728834
O88322	O88322	ASPWPYPAPGNWPSYRETESASLDPQTKQGRPVGEGEVLDFR	35.0625	4	False	16.728834
O88322	O88322	IERAELDGSER	31.166666666666664	2	False	3.828822
O88322	O88322	IERAELDGSER	33.0	3	False	3.828822
O88322	O88322	IERAELDGSER	35.0625	4	False	3.828822
O88322	O88322	SFPDFTLGNPLGIDK	31.166666666666664	2	True	20.190987
O88322	O88322	SFPDFTLGNPLGIDK	33.0	3	True	20.190987
O88322	O88322	SFPDFTLGNPLGIDK	35.0625	4	True	20.190987
O88322	O88322	SHLYGITAVYPYCPTGRK	31.166666666666664	2	False	11.190755
O88322	O88322	SHLYGITAVYPYCPTGRK	33.0	3	False	11.190755
O88322	O88322	SHLYGITAVYPYCPTGRK	35.0625	4	False	11.190755
O88322	O88322	SLLLLMVLLSLPSPPTLWGATPDRFMR	31.166666666666664	2	True	23.879625
O88322	O88322	SLLLLMVLLSLPSPPTLWGATPDRFMR	33.0	3	True	23.879625
O88322	O88322	SLLLLMVLLSLPSPPTLWGATPDRFMR	35.0625	4	True	23.879625
O88322	O88322	ESYNVQLQLPARVGFCRGEADDLK	31.166666666666664	2	False	13.948233
O88322	O88322	ESYNVQLQLPARVGFCRGEADDLK	33.0	3	False	13.948233
O88322	O88322	ESYNVQLQLPARVGFCRGEADDLK	35.0625	4	False	13.948233
O88322	O88322	ERMVYWTDVAGRTISR	31.166666666666664	2	False	11.677809
O88322	O88322	ERMVYWTDVAGRTISR	33.0	3	False	11.677809
O88322	O88322	ERMVYWTDVAGRTISR	35.0625	4	False	11.677809
O88322	O88322	ECVTRPRQTPEPPPGCHPPTSGPPTQTGPVEHGNR	31.166666666666664	2	True	5.055833
O88322	O88322	ECVTRPRQTPEPPPGCHPPTSGPPTQTGPVEHGNR	33.0	3	True	5.055833
O88322	O88322	ECVTRPRQTPEPPPGCHPPTSGPPTQTGPVEHGNR	35.0625	4	True	5.055833
O88322	O88322	VGALRPDELFPYGESWGDQLLPEGDDESSAAVKLAIPLR	31.166666666666664	2	False	21.678978
O88322	O88322	VGALRPDELFPYGESWGDQLLPEGDDESSAAVKLAIPLR	33.0	3	False	21.678978
O88322	O88322	VGALRPDELFPYGESWGDQLLPEGDDESSAAVKLAIPLR	35.0625	4	False	21.678978
O88322	O88322	DPTAGWLTPPSPLSLLVM(ox)LLLLSR	31.166666666666664	2	False	26.750557
O88322	O88322	DPTAGWLTPPSPLSLLVM(ox)LLLLSR	33.0	3	False	26.750557
O88322	O88322	DPTAGWLTPPSPLSLLVM(ox)LLLLSR	35.0625	4	False	26.750557
O88322	O88322	KLDDAEGRCFGVR	31.166666666666664	2	True	6.21232
O88322	O88322	KLDDAEGRCFGVR	33.0	3	True	6.21232
O88322	O88322	KLDDAEGRCFGVR	35.0625	4	True	6.21232
O88322	O88322	NLYQLSNLGIPGVWAFHIGSRFALDNVRPATVGGDPSTAR	31.166666666666664	2	False	20.917953
O88322	O88322	NLYQLSNLGIPGVWAFHIGSRFALDNVRPATVGGDPSTAR	33.0	3	False	20.917953
O88322	O88322	NLYQLSNLGIPGVWAFHIGSRFALDNVRPATVGGDPSTAR	35.0625	4	False	20.917953
O88322	O88322	GTPCYPYVATIGYLHSRQEPLFEDTFQGSDR	31.166666666666664	2	True	17.485193
O88322	O88322	GTPCYPYVATIGYLHSRQEPLFEDTFQGSDR	33.0	3	True	17.485193
O88322	O88322	GTPCYPYVATIGYLHSRQEPLFEDTFQGSDR	35.0625	4	True	17.485193
O88322	O88322	SSSSTVVSDRYHYFEKYPTIHATFNAPIFPVQGEINTR	31.166666666666664	2	True	16.449984
O88322	O88322	SSSSTVVSDRYHYFEKYPTIHATFNAPIFPVQGEINTR	33.0	3	True	16.449984
O88322	O88322	SSSSTVVSDRYHYFEKYPTIHATFNAPIFPVQGEINTR	35.0625	4	True	16.449984
O88322	O88322	FHDIALGEPSILGSTIITEPEAGAELSARSITR	31.166666666666664	2	True	18.55663
O88322	O88322	FHDIALGEPSILGSTIITEPEAGAELSARSITR	33.0	3	True	18.55663
O88322	O88322	FHDIALGEPSILGSTIITEPEAGAELSARSITR	35.0625	4	True	18.55663
O88322	O88322	NLYQLSNLGIPGVWAFHIGSR	31.166666666666664	2	False	22.540405
O88322	O88322	NLYQLSNLGIPGVWAFHIGSR	33.0	3	False	22.540405
O88322	O88322	NLYQLSNLGIPGVWAFHIGSR	35.0625	4	False	22.540405
O88322	O88322	YLIRGRSHSTDIDALFPAIAPFDTPFDDDVYQTER	31.166666666666664	2	True	20.074554
O88322	O88322	YLIRGRSHSTDIDALFPAIAPFDTPFDDDVYQTER	33.0	3	True	20.074554
O88322	O88322	YLIRGRSHSTDIDALFPAIAPFDTPFDDDVYQTER	35.0625	4	True	20.074554
O88322	O88322	TGM(ox)QDLLEAPDRFDLVEGEGVPRGQR	31.166666666666664	2	True	13.903075
O88322	O88322	TGM(ox)QDLLEAPDRFDLVEGEGVPRGQR	33.0	3	True	13.903075
O88322	O88322	TGM(ox)QDLLEAPDRFDLVEGEGVPRGQR	35.0625	4	True	13.903075
O88322	O88322	FALDNVRPATVGGDPSTAR	31.166666666666664	2	False	10.792612
O88322	O88322	FALDNVRPATVGGDPSTAR	33.0	3	False	10.792612
O88322	O88322	FALDNVRPATVGGDPSTAR	35.0625	4	False	10.792612
O88322	O88322	TGQLER	31.166666666666664	2	True	1.7676953
O88322	O88322	TGQLER	33.0	3	True	1.7676953
O88322	O88322	TGQLER	35.0625	4	True	1.7676953
O88322	O88322	FDLVEGEGVPRGQKTQPDLSASETERYSPWNGPAPYPWPSAR	31.166666666666664	2	True	16.388573
O88322	O88322	FDLVEGEGVPRGQKTQPDLSASETERYSPWNGPAPYPWPSAR	33.0	3	True	16.388573
O88322	O88322	FDLVEGEGVPRGQKTQPDLSASETERYSPWNGPAPYPWPSAR	35.0625	4	True	16.388573
O88322	O88322	IPDVTIARPNVLDTHFLVKR	31.166666666666664	2	True	14.6703825
O88322	O88322	IPDVTIARPNVLDTHFLVKR	33.0	3	True	14.6703825
O88322	O88322	IPDVTIARPNVLDTHFLVKR	35.0625	4	True	14.6703825
O88322	O88322	EIKDLGSDTWYMTR	31.166666666666664	2	True	12.666542
O88322	O88322	EIKDLGSDTWYMTR	33.0	3	True	12.666542
O88322	O88322	EIKDLGSDTWYMTR	35.0625	4	True	12.666542
O88322	O88322	CHPGTGVDYTCECTPGFQGDGR	31.166666666666664	2	False	8.091706
O88322	O88322	CHPGTGVDYTCECTPGFQGDGR	33.0	3	False	8.091706
O88322	O88322	CHPGTGVDYTCECTPGFQGDGR	35.0625	4	False	8.091706
O88322	O88322	NILIRK	31.166666666666664	2	True	4.588375
O88322	O88322	NILIRK	33.0	3	True	4.588375
O88322	O88322	NILIRK	35.0625	4	True	4.588375
O88322	O88322	PNVLDTHFLVKRESGDLEAR	31.166666666666664	2	True	10.732554
O88322	O88322	PNVLDTHFLVKRESGDLEAR	33.0	3	True	10.732554
O88322	O88322	PNVLDTHFLVKRESGDLEAR	35.0625	4	True	10.732554
O88322	O88322	DAARTLLSLHGSIVVGIDYDCRER	31.166666666666664	2	False	15.605509
O88322	O88322	DAARTLLSLHGSIVVGIDYDCRER	33.0	3	False	15.605509
O88322	O88322	DAARTLLSLHGSIVVGIDYDCRER	35.0625	4	False	15.605509
O88322	O88322	TGADAWCLLKSFPDFTLGNPLGIDKNILIK	31.166666666666664	2	True	24.315327
O88322	O88322	TGADAWCLLKSFPDFTLGNPLGIDKNILIK	33.0	3	True	24.315327
O88322	O88322	TGADAWCLLKSFPDFTLGNPLGIDKNILIK	35.0625	4	True	24.315327
O88322	O88322	GAVDTWYVM(ox)RER	31.166666666666664	2	True	8.68198
O88322	O88322	GAVDTWYVM(ox)RER	33.0	3	True	8.68198
O88322	O88322	GAVDTWYVM(ox)RER	35.0625	4	True	8.68198
O88322	O88322	LLCWADAGTKKLECTLPDGTGR	31.166666666666664	2	False	13.467304
O88322	O88322	LLCWADAGTKKLECTLPDGTGR	33.0	3	False	13.467304
O88322	O88322	LLCWADAGTKKLECTLPDGTGR	35.0625	4	False	13.467304
O88322	O88322	GGLDENVPTLLAADAEPPAPARTGMQDLLEAPDRFDLVEGEGVPRGQR	31.166666666666664	2	True	20.110512
O88322	O88322	GGLDENVPTLLAADAEPPAPARTGMQDLLEAPDRFDLVEGEGVPRGQR	33.0	3	True	20.110512
O88322	O88322	GGLDENVPTLLAADAEPPAPARTGMQDLLEAPDRFDLVEGEGVPRGQR	35.0625	4	True	20.110512
O88322	O88322	TLLSLHGSIVVGIDYDCRERM(ox)VYWTDVAGR	31.166666666666664	2	False	16.628279
O88322	O88322	TLLSLHGSIVVGIDYDCRERM(ox)VYWTDVAGR	33.0	3	False	16.628279
O88322	O88322	TLLSLHGSIVVGIDYDCRERM(ox)VYWTDVAGR	35.0625	4	False	16.628279
O88322	O88322	ETESASLDPQTKQGRPVGEGEVLDFR	31.166666666666664	2	False	10.925734
O88322	O88322	ETESASLDPQTKQGRPVGEGEVLDFR	33.0	3	False	10.925734
O88322	O88322	ETESASLDPQTKQGRPVGEGEVLDFR	35.0625	4	False	10.925734
O88322	O88322	LAIPLRFYDAQFSSLYVGTNGIISTQDFPR	31.166666666666664	2	False	22.59304
O88322	O88322	LAIPLRFYDAQFSSLYVGTNGIISTQDFPR	33.0	3	False	22.59304
O88322	O88322	LAIPLRFYDAQFSSLYVGTNGIISTQDFPR	35.0625	4	False	22.59304
O88322	O88322	LPPVHGSEPYHPLVEGELPPVPVDPESPVPGAEPYSQTNR	31.166666666666664	2	True	15.993843
O88322	O88322	LPPVHGSEPYHPLVEGELPPVPVDPESPVPGAEPYSQTNR	33.0	3	True	15.993843
O88322	O88322	LPPVHGSEPYHPLVEGELPPVPVDPESPVPGAEPYSQTNR	35.0625	4	True	15.993843
O88322	O88322	YHYFER	31.166666666666664	2	True	5.1713214
O88322	O88322	YHYFER	33.0	3	True	5.1713214
O88322	O88322	YHYFER	35.0625	4	True	5.1713214
O88322	O88322	DPTAGWLTPPSPLSLLVMLLLLSR	31.166666666666664	2	False	26.72335
O88322	O88322	DPTAGWLTPPSPLSLLVMLLLLSR	33.0	3	False	26.72335
O88322	O88322	DPTAGWLTPPSPLSLLVMLLLLSR	35.0625	4	False	26.72335
O88322	O88322	WRECVTR	31.166666666666664	2	True	3.7980642
O88322	O88322	WRECVTR	33.0	3	True	3.7980642
O88322	O88322	WRECVTR	35.0625	4	True	3.7980642
O88322	O88322	ETQYVDDDFPTDFPAIAPFLADIDTSHSRGR	31.166666666666664	2	False	22.190668
O88322	O88322	ETQYVDDDFPTDFPAIAPFLADIDTSHSRGR	33.0	3	False	22.190668
O88322	O88322	ETQYVDDDFPTDFPAIAPFLADIDTSHSRGR	35.0625	4	False	22.190668
O88322	O88322	DLGSDTWYMTRRFHDIALGEPSILGSTIITEPEAGAELSAK	31.166666666666664	2	True	21.169527
O88322	O88322	DLGSDTWYMTRRFHDIALGEPSILGSTIITEPEAGAELSAK	33.0	3	True	21.169527
O88322	O88322	DLGSDTWYMTRRFHDIALGEPSILGSTIITEPEAGAELSAK	35.0625	4	True	21.169527
O88322	O88322	LVGEDESYLAFARDVTLQQTAPIALHRPAHR	31.166666666666664	2	True	15.738565
O88322	O88322	LVGEDESYLAFARDVTLQQTAPIALHRPAHR	33.0	3	True	15.738565
O88322	O88322	LVGEDESYLAFARDVTLQQTAPIALHRPAHR	35.0625	4	True	15.738565
O88322	O88322	WDTHYFHDAYSVISFPYNLHNQIVRR	31.166666666666664	2	True	16.368244
O88322	O88322	WDTHYFHDAYSVISFPYNLHNQIVRR	33.0	3	True	16.368244
O88322	O88322	WDTHYFHDAYSVISFPYNLHNQIVRR	35.0625	4	True	16.368244
O88322	O88322	GNVRHPAGEPLCHKGNGYFK	31.166666666666664	2	True	3.6605036
O88322	O88322	GNVRHPAGEPLCHKGNGYFK	33.0	3	True	3.6605036
O88322	O88322	GNVRHPAGEPLCHKGNGYFK	35.0625	4	True	3.6605036
O88322	O88322	LQKDAARTLLSLHGSIVVGIDYDCR	31.166666666666664	2	False	15.288532
O88322	O88322	LQKDAARTLLSLHGSIVVGIDYDCR	33.0	3	False	15.288532
O88322	O88322	LQKDAARTLLSLHGSIVVGIDYDCR	35.0625	4	False	15.288532
O88322	O88322	AADKQLR	31.166666666666664	2	True	1.3732193
O88322	O88322	AADKQLR	33.0	3	True	1.3732193
O88322	O88322	AADKQLR	35.0625	4	True	1.3732193
O88322	O88322	FDLVEGEGVPRGQKTQPDLSASETER	31.166666666666664	2	True	10.125688
O88322	O88322	FDLVEGEGVPRGQKTQPDLSASETER	33.0	3	True	10.125688
O88322	O88322	FDLVEGEGVPRGQKTQPDLSASETER	35.0625	4	True	10.125688
O88322	O88322	ASLEAGAEPETIITSGLISPEGLAIDHFRRTMYWTDSGLDK	31.166666666666664	2	False	21.88052
O88322	O88322	ASLEAGAEPETIITSGLISPEGLAIDHFRRTMYWTDSGLDK	33.0	3	False	21.88052
O88322	O88322	ASLEAGAEPETIITSGLISPEGLAIDHFRRTMYWTDSGLDK	35.0625	4	False	21.88052
O88322	O88322	GAVDTWYVM(ox)RERCDYDIGVVISGHLSLLTR	31.166666666666664	2	True	18.89757
O88322	O88322	GAVDTWYVM(ox)RERCDYDIGVVISGHLSLLTR	33.0	3	True	18.89757
O88322	O88322	GAVDTWYVM(ox)RERCDYDIGVVISGHLSLLTR	35.0625	4	True	18.89757
O88322	O88322	RDGVISVNK	31.166666666666664	2	False	3.8599906
O88322	O88322	RDGVISVNK	33.0	3	False	3.8599906
O88322	O88322	RDGVISVNK	35.0625	4	False	3.8599906
O88322	O88322	WDTHYFHDAYSVISFPYNLHNQIVR	31.166666666666664	2	True	17.76572
O88322	O88322	WDTHYFHDAYSVISFPYNLHNQIVR	33.0	3	True	17.76572
O88322	O88322	WDTHYFHDAYSVISFPYNLHNQIVR	35.0625	4	True	17.76572
O88322	O88322	VRITQTAEGLDPENYLSIKTNIEGQVPFIPANFTAHITPYK	31.166666666666664	2	False	21.007544
O88322	O88322	VRITQTAEGLDPENYLSIKTNIEGQVPFIPANFTAHITPYK	33.0	3	False	21.007544
O88322	O88322	VRITQTAEGLDPENYLSIKTNIEGQVPFIPANFTAHITPYK	35.0625	4	False	21.007544
O88322	O88322	YSGVLNVCVSNPGCR	31.166666666666664	2	True	11.912458
O88322	O88322	YSGVLNVCVSNPGCR	33.0	3	True	11.912458
O88322	O88322	YSGVLNVCVSNPGCR	35.0625	4	True	11.912458
O88322	O88322	TGQLERGDR	31.166666666666664	2	True	1.5524267
O88322	O88322	TGQLERGDR	33.0	3	True	1.5524267
O88322	O88322	TGQLERGDR	35.0625	4	True	1.5524267
O88322	O88322	LAIPLR	31.166666666666664	2	False	11.448145
O88322	O88322	LAIPLR	33.0	3	False	11.448145
O88322	O88322	LAIPLR	35.0625	4	False	11.448145
O88322	O88322	HPAGEPLCHKGNGYFRSQCHCCFGTTYDTCFAHQSCR	31.166666666666664	2	True	7.4299803
O88322	O88322	HPAGEPLCHKGNGYFRSQCHCCFGTTYDTCFAHQSCR	33.0	3	True	7.4299803
O88322	O88322	HPAGEPLCHKGNGYFRSQCHCCFGTTYDTCFAHQSCR	35.0625	4	True	7.4299803
O88322	O88322	PAERNWDTWYLNGK	31.166666666666664	2	True	12.695723
O88322	O88322	PAERNWDTWYLNGK	33.0	3	True	12.695723
O88322	O88322	PAERNWDTWYLNGK	35.0625	4	True	12.695723
O88322	O88322	NEGDLSSTEIKPAER	31.166666666666664	2	True	5.9817734
O88322	O88322	NEGDLSSTEIKPAER	33.0	3	True	5.9817734
O88322	O88322	NEGDLSSTEIKPAER	35.0625	4	True	5.9817734
O88322	O88322	SGPYAHQTQAYRQQYECPKLGSISDEPVTDSTCHFGDGRYGPQCR	31.166666666666664	2	True	10.405146
O88322	O88322	SGPYAHQTQAYRQQYECPKLGSISDEPVTDSTCHFGDGRYGPQCR	33.0	3	True	10.405146
O88322	O88322	SGPYAHQTQAYRQQYECPKLGSISDEPVTDSTCHFGDGRYGPQCR	35.0625	4	True	10.405146
O88322	O88322	PTGGYHELLSER	31.166666666666664	2	True	7.617564
O88322	O88322	PTGGYHELLSER	33.0	3	True	7.617564
O88322	O88322	PTGGYHELLSER	35.0625	4	True	7.617564
O88322	O88322	CAQYTINQDIHYSWTQNISGSTLSFSRSSSSTVVSDRYHYFER	31.166666666666664	2	True	15.5866585
O88322	O88322	CAQYTINQDIHYSWTQNISGSTLSFSRSSSSTVVSDRYHYFER	33.0	3	True	15.5866585
O88322	O88322	CAQYTINQDIHYSWTQNISGSTLSFSRSSSSTVVSDRYHYFER	35.0625	4	True	15.5866585
O88322	O88322	SFPDFTLGNPLGIDKNILIRK	31.166666666666664	2	True	19.162079
O88322	O88322	SFPDFTLGNPLGIDKNILIRK	33.0	3	True	19.162079
O88322	O88322	SFPDFTLGNPLGIDKNILIRK	35.0625	4	True	19.162079
O88322	O88322	CFGVRAPLQLQVNYSER	31.166666666666664	2	True	14.027254
O88322	O88322	CFGVRAPLQLQVNYSER	33.0	3	True	14.027254
O88322	O88322	CFGVRAPLQLQVNYSER	35.0625	4	True	14.027254
O88322	O88322	TMYWTDSGLDKIER	31.166666666666664	2	False	12.859814
O88322	O88322	TMYWTDSGLDKIER	33.0	3	False	12.859814
O88322	O88322	TMYWTDSGLDKIER	35.0625	4	False	12.859814
O88322	O88322	ERCDYDIGVVISGHLSLLTRAADR	31.166666666666664	2	True	18.103626
O88322	O88322	ERCDYDIGVVISGHLSLLTRAADR	33.0	3	True	18.103626
O88322	O88322	ERCDYDIGVVISGHLSLLTRAADR	35.0625	4	True	18.103626
O88322	O88322	KLECTLPDGTGR	31.166666666666664	2	False	5.9250784
O88322	O88322	KLECTLPDGTGR	33.0	3	False	5.9250784
O88322	O88322	KLECTLPDGTGR	35.0625	4	False	5.9250784
O88322	O88322	VSQETNTLSFYLAERKLDDAEGK	31.166666666666664	2	True	13.746845
O88322	O88322	VSQETNTLSFYLAERKLDDAEGK	33.0	3	True	13.746845
O88322	O88322	VSQETNTLSFYLAERKLDDAEGK	35.0625	4	True	13.746845
O88322	O88322	LLCWADAGTK	31.166666666666664	2	False	11.298982
O88322	O88322	LLCWADAGTK	33.0	3	False	11.298982
O88322	O88322	LLCWADAGTK	35.0625	4	False	11.298982
O88322	O88322	LRGSVR	31.166666666666664	2	True	1.5147753
O88322	O88322	LRGSVR	33.0	3	True	1.5147753
O88322	O88322	LRGSVR	35.0625	4	True	1.5147753
O88322	O88322	NVSIVGDRK	31.166666666666664	2	True	3.8887956
O88322	O88322	NVSIVGDRK	33.0	3	True	3.8887956
O88322	O88322	NVSIVGDRK	35.0625	4	True	3.8887956
O88322	O88322	GEADDLKREALYFSLTNTEQSVK	31.166666666666664	2	False	15.151442
O88322	O88322	GEADDLKREALYFSLTNTEQSVK	33.0	3	False	15.151442
O88322	O88322	GEADDLKREALYFSLTNTEQSVK	35.0625	4	False	15.151442
O88322	O88322	FHDIALGEPSILGSTIITEPEAGAELSARSITRGAVDTWYVMR	31.166666666666664	2	True	21.310822
O88322	O88322	FHDIALGEPSILGSTIITEPEAGAELSARSITRGAVDTWYVMR	33.0	3	True	21.310822
O88322	O88322	FHDIALGEPSILGSTIITEPEAGAELSARSITRGAVDTWYVMR	35.0625	4	True	21.310822
O88322	O88322	VGFCRGEADDLKR	31.166666666666664	2	False	5.1804495
O88322	O88322	VGFCRGEADDLKR	33.0	3	False	5.1804495
O88322	O88322	VGFCRGEADDLKR	35.0625	4	False	5.1804495
O88322	O88322	ADPGLVDVGTSSPGSDR	31.166666666666664	2	False	9.296737
O88322	O88322	ADPGLVDVGTSSPGSDR	33.0	3	False	9.296737
O88322	O88322	ADPGLVDVGTSSPGSDR	35.0625	4	False	9.296737
O88322	O88322	CSQHAFCTDYTTGFCCHCQSRFYGNGKHCLPEGAPHR	31.166666666666664	2	False	8.515385
O88322	O88322	CSQHAFCTDYTTGFCCHCQSRFYGNGKHCLPEGAPHR	33.0	3	False	8.515385
O88322	O88322	CSQHAFCTDYTTGFCCHCQSRFYGNGKHCLPEGAPHR	35.0625	4	False	8.515385
O88322	O88322	ERMVYWTDVAGR	31.166666666666664	2	False	11.402188
O88322	O88322	ERMVYWTDVAGR	33.0	3	False	11.402188
O88322	O88322	ERMVYWTDVAGR	35.0625	4	False	11.402188
O88322	O88322	MVYWTDVAGRTISR	31.166666666666664	2	False	12.956777
O88322	O88322	MVYWTDVAGRTISR	33.0	3	False	12.956777
O88322	O88322	MVYWTDVAGRTISR	35.0625	4	False	12.956777
O88322	O88322	RILINK	31.166666666666664	2	False	3.8323042
O88322	O88322	RILINK	33.0	3	False	3.8323042
O88322	O88322	RILINK	35.0625	4	False	3.8323042
O88322	O88322	FAVTNQIGPVEVDSAPVGVNPCYDGSHTCDTTAR	31.166666666666664	2	False	14.424452
O88322	O88322	FAVTNQIGPVEVDSAPVGVNPCYDGSHTCDTTAR	33.0	3	False	14.424452
O88322	O88322	FAVTNQIGPVEVDSAPVGVNPCYDGSHTCDTTAR	35.0625	4	False	14.424452
O88322	O88322	ERM(ox)VYWTDVAGRTISR	31.166666666666664	2	False	9.916452
O88322	O88322	ERM(ox)VYWTDVAGRTISR	33.0	3	False	9.916452
O88322	O88322	ERM(ox)VYWTDVAGRTISR	35.0625	4	False	9.916452
O88322	O88322	CHEAAICYNTPGSFSCRCQPGYRGDGFHCTSDTVPEDSISGLKPCEYQQR	31.166666666666664	2	False	10.96634
O88322	O88322	CHEAAICYNTPGSFSCRCQPGYRGDGFHCTSDTVPEDSISGLKPCEYQQR	33.0	3	False	10.96634
O88322	O88322	CHEAAICYNTPGSFSCRCQPGYRGDGFHCTSDTVPEDSISGLKPCEYQQR	35.0625	4	False	10.96634
O88322	O88322	FYGNGK	31.166666666666664	2	False	2.9615088
O88322	O88322	FYGNGK	33.0	3	False	2.9615088
O88322	O88322	FYGNGK	35.0625	4	False	2.9615088
O88322	O88322	VIQNHLNYPFSIVSYADHFYHTDWR	31.166666666666664	2	False	19.265778
O88322	O88322	VIQNHLNYPFSIVSYADHFYHTDWR	33.0	3	False	19.265778
O88322	O88322	VIQNHLNYPFSIVSYADHFYHTDWR	35.0625	4	False	19.265778
O88322	O88322	YGPQCR	31.166666666666664	2	True	2.353395
O88322	O88322	YGPQCR	33.0	3	True	2.353395
O88322	O88322	YGPQCR	35.0625	4	True	2.353395
O88322	O88322	NVSIVGDK	31.166666666666664	2	True	5.389503
O88322	O88322	NVSIVGDK	33.0	3	True	5.389503
O88322	O88322	NVSIVGDK	35.0625	4	True	5.389503
O88322	O88322	YLIRGR	31.166666666666664	2	True	4.0650268
O88322	O88322	YLIRGR	33.0	3	True	4.0650268
O88322	O88322	YLIRGR	35.0625	4	True	4.0650268
O88322	O88322	NGHEVPGTQTPPGSTPPHCGPPPEPTQRPRTVCERWR	31.166666666666664	2	False	6.295411
O88322	O88322	NGHEVPGTQTPPGSTPPHCGPPPEPTQRPRTVCERWR	33.0	3	False	6.295411
O88322	O88322	NGHEVPGTQTPPGSTPPHCGPPPEPTQRPRTVCERWR	35.0625	4	False	6.295411
O88322	O88322	SCVDVNECATGFHR	31.166666666666664	2	False	6.8754196
O88322	O88322	SCVDVNECATGFHR	33.0	3	False	6.8754196
O88322	O88322	SCVDVNECATGFHR	35.0625	4	False	6.8754196
O88322	O88322	SDFCWCVDKDGRELQGTR	31.166666666666664	2	False	10.215762
O88322	O88322	SDFCWCVDKDGRELQGTR	33.0	3	False	10.215762
O88322	O88322	SDFCWCVDKDGRELQGTR	35.0625	4	False	10.215762
O88322	O88322	TISRASLEAGAEPETIITSGLISPEGLAIDHFRR	31.166666666666664	2	False	18.055807
O88322	O88322	TISRASLEAGAEPETIITSGLISPEGLAIDHFRR	33.0	3	False	18.055807
O88322	O88322	TISRASLEAGAEPETIITSGLISPEGLAIDHFRR	35.0625	4	False	18.055807
O88322	O88322	YSPWNGPAPYPWPSARDSGPSSTGVDVLGPDAKSNFSVDIR	31.166666666666664	2	True	18.668953
O88322	O88322	YSPWNGPAPYPWPSARDSGPSSTGVDVLGPDAKSNFSVDIR	33.0	3	True	18.668953
O88322	O88322	YSPWNGPAPYPWPSARDSGPSSTGVDVLGPDAKSNFSVDIR	35.0625	4	True	18.668953
O88322	O88322	YVRTGFPLSGSSFTPTHAFLATWEHVGAYEEVSR	31.166666666666664	2	False	19.679775
O88322	O88322	YVRTGFPLSGSSFTPTHAFLATWEHVGAYEEVSR	33.0	3	False	19.679775
O88322	O88322	YVRTGFPLSGSSFTPTHAFLATWEHVGAYEEVSR	35.0625	4	False	19.679775
O88322	O88322	SITRGAVDTWYVM(ox)RER	31.166666666666664	2	True	8.684126
O88322	O88322	SITRGAVDTWYVM(ox)RER	33.0	3	True	8.684126
O88322	O88322	SITRGAVDTWYVM(ox)RER	35.0625	4	True	8.684126
O88322	O88322	SVEEYAGVHEWTALFAHTPTFSSGSLPFGTRVYRAALSLVAGSTDER	31.166666666666664	2	True	23.55389
O88322	O88322	SVEEYAGVHEWTALFAHTPTFSSGSLPFGTRVYRAALSLVAGSTDER	33.0	3	True	23.55389
O88322	O88322	SVEEYAGVHEWTALFAHTPTFSSGSLPFGTRVYRAALSLVAGSTDER	35.0625	4	True	23.55389
O88322	O88322	SGIHFAWVGPIGLNSLQYLNR	31.166666666666664	2	True	21.177803
O88322	O88322	SGIHFAWVGPIGLNSLQYLNR	33.0	3	True	21.177803
O88322	O88322	SGIHFAWVGPIGLNSLQYLNR	35.0625	4	True	21.177803
O88322	O88322	GDKDVCWCFDSKGHCQLPIFHGLDDCQPVYQDDR	31.166666666666664	2	True	15.257288
O88322	O88322	GDKDVCWCFDSKGHCQLPIFHGLDDCQPVYQDDR	33.0	3	True	15.257288
O88322	O88322	GDKDVCWCFDSKGHCQLPIFHGLDDCQPVYQDDR	35.0625	4	True	15.257288
O88322	O88322	ILINKDIGLPNGLTFDPFSKLLCWADAGTK	31.166666666666664	2	False	24.12719
O88322	O88322	ILINKDIGLPNGLTFDPFSKLLCWADAGTK	33.0	3	False	24.12719
O88322	O88322	ILINKDIGLPNGLTFDPFSKLLCWADAGTK	35.0625	4	False	24.12719
O88322	O88322	GHSHECTELNAGNYTFVQDNSGVHDELGIVYKGGR	31.166666666666664	2	True	12.309225
O88322	O88322	GHSHECTELNAGNYTFVQDNSGVHDELGIVYKGGR	33.0	3	True	12.309225
O88322	O88322	GHSHECTELNAGNYTFVQDNSGVHDELGIVYKGGR	35.0625	4	True	12.309225
O88322	O88322	WDTHYFHDAYSVISFPYNLHNQIVRRGTGDPLTCELR	31.166666666666664	2	True	17.52068
O88322	O88322	WDTHYFHDAYSVISFPYNLHNQIVRRGTGDPLTCELR	33.0	3	True	17.52068
O88322	O88322	WDTHYFHDAYSVISFPYNLHNQIVRRGTGDPLTCELR	35.0625	4	True	17.52068
O88322	O88322	ATSPDGGVTAPRVNDLAFRSGIHFAWVGPIGLNSLQYLNR	31.166666666666664	2	True	21.291264
O88322	O88322	ATSPDGGVTAPRVNDLAFRSGIHFAWVGPIGLNSLQYLNR	33.0	3	True	21.291264
O88322	O88322	ATSPDGGVTAPRVNDLAFRSGIHFAWVGPIGLNSLQYLNR	35.0625	4	True	21.291264
O88322	O88322	GAAPSGELNTFQAVLASDESDTYALFLYPANGLQFFGTRPK	31.166666666666664	2	False	25.278515
O88322	O88322	GAAPSGELNTFQAVLASDESDTYALFLYPANGLQFFGTRPK	33.0	3	False	25.278515
O88322	O88322	GAAPSGELNTFQAVLASDESDTYALFLYPANGLQFFGTRPK	35.0625	4	False	25.278515
O88322	O88322	DVCWCFGTSGHCQLPVFNGQDDCQPIHIRSGPYAHQTQAYR	31.166666666666664	2	True	15.400588
O88322	O88322	DVCWCFGTSGHCQLPVFNGQDDCQPIHIRSGPYAHQTQAYR	33.0	3	True	15.400588
O88322	O88322	DVCWCFGTSGHCQLPVFNGQDDCQPIHIRSGPYAHQTQAYR	35.0625	4	True	15.400588
O88322	O88322	CDYDIGVVISGHLSLLTRAADR	31.166666666666664	2	True	19.880514
O88322	O88322	CDYDIGVVISGHLSLLTRAADR	33.0	3	True	19.880514
O88322	O88322	CDYDIGVVISGHLSLLTRAADR	35.0625	4	True	19.880514
O88322	O88322	YPTIHATFNAPIFPVQGEINTK	31.166666666666664	2	True	17.128475
O88322	O88322	YPTIHATFNAPIFPVQGEINTK	33.0	3	True	17.128475
O88322	O88322	YPTIHATFNAPIFPVQGEINTK	35.0625	4	True	17.128475
O88322	O88322	ESGDLEAR	31.166666666666664	2	True	2.8344755
O88322	O88322	ESGDLEAR	33.0	3	True	2.8344755
O88322	O88322	ESGDLEAR	35.0625	4	True	2.8344755
O88322	O88322	GDNGVIYAHLDVDTFHVPIHGVRLRGSVR	31.166666666666664	2	True	14.302917
O88322	O88322	GDNGVIYAHLDVDTFHVPIHGVRLRGSVR	33.0	3	True	14.302917
O88322	O88322	GDNGVIYAHLDVDTFHVPIHGVRLRGSVR	35.0625	4	True	14.302917
O88322	O88322	DSGQFTDEFLPEQRSHLYGITAVYPYCPTGRK	31.166666666666664	2	False	15.975744
O88322	O88322	DSGQFTDEFLPEQRSHLYGITAVYPYCPTGRK	33.0	3	False	15.975744
O88322	O88322	DSGQFTDEFLPEQRSHLYGITAVYPYCPTGRK	35.0625	4	False	15.975744
O88322	O88322	ADPGLVDVGTSSPGSDRASPWPYPAPGNWPSYRETESASLDPQTK	31.166666666666664	2	False	16.755457
O88322	O88322	ADPGLVDVGTSSPGSDRASPWPYPAPGNWPSYRETESASLDPQTK	33.0	3	False	16.755457
O88322	O88322	ADPGLVDVGTSSPGSDRASPWPYPAPGNWPSYRETESASLDPQTK	35.0625	4	False	16.755457
O88322	O88322	ASPWPYPAPGNWPSYRETESASLDPQTK	31.166666666666664	2	False	15.433043
O88322	O88322	ASPWPYPAPGNWPSYRETESASLDPQTK	33.0	3	False	15.433043
O88322	O88322	ASPWPYPAPGNWPSYRETESASLDPQTK	35.0625	4	False	15.433043
O88322	O88322	DVTLQQTAPIALHRPAHRCAQYTINQDIHYSWTQNISGSTLSFSR	31.166666666666664	2	True	15.875681
O88322	O88322	DVTLQQTAPIALHRPAHRCAQYTINQDIHYSWTQNISGSTLSFSR	33.0	3	True	15.875681
O88322	O88322	DVTLQQTAPIALHRPAHRCAQYTINQDIHYSWTQNISGSTLSFSR	35.0625	4	True	15.875681
O88322	O88322	HLAIPATQQLTVDR	31.166666666666664	2	False	11.0833435
O88322	O88322	HLAIPATQQLTVDR	33.0	3	False	11.0833435
O88322	O88322	HLAIPATQQLTVDR	35.0625	4	False	11.0833435
O88322	O88322	PFDQTSIIGNTGVYLSSFQADYFR	31.166666666666664	2	True	22.978737
O88322	O88322	PFDQTSIIGNTGVYLSSFQADYFR	33.0	3	True	22.978737
O88322	O88322	PFDQTSIIGNTGVYLSSFQADYFR	35.0625	4	True	22.978737
O88322	O88322	SGPYAHQTQAYRQQYECPKLGSISDEPVTDSTCHFGDGR	31.166666666666664	2	True	10.501737
O88322	O88322	SGPYAHQTQAYRQQYECPKLGSISDEPVTDSTCHFGDGR	33.0	3	True	10.501737
O88322	O88322	SGPYAHQTQAYRQQYECPKLGSISDEPVTDSTCHFGDGR	35.0625	4	True	10.501737
O88322	O88322	KLECTLPDGTGRR	31.166666666666664	2	False	4.571088
O88322	O88322	KLECTLPDGTGRR	33.0	3	False	4.571088
O88322	O88322	KLECTLPDGTGRR	35.0625	4	False	4.571088
O88322	O88322	DVTLQQTAPIALHR	31.166666666666664	2	True	11.302785
O88322	O88322	DVTLQQTAPIALHR	33.0	3	True	11.302785
O88322	O88322	DVTLQQTAPIALHR	35.0625	4	True	11.302785
O88322	O88322	PNVLDTHFLVR	31.166666666666664	2	True	13.570707
O88322	O88322	PNVLDTHFLVR	33.0	3	True	13.570707
O88322	O88322	PNVLDTHFLVR	35.0625	4	True	13.570707
O88322	O88322	QEPLFEDTFQGSDR	31.166666666666664	2	True	13.620957
O88322	O88322	QEPLFEDTFQGSDR	33.0	3	True	13.620957
O88322	O88322	QEPLFEDTFQGSDR	35.0625	4	True	13.620957
O88322	O88322	AQGEPACTHSGDLCPNPPPAILICTHQDDAFEYGSR	31.166666666666664	2	True	14.635305
O88322	O88322	AQGEPACTHSGDLCPNPPPAILICTHQDDAFEYGSR	33.0	3	True	14.635305
O88322	O88322	AQGEPACTHSGDLCPNPPPAILICTHQDDAFEYGSR	35.0625	4	True	14.635305
O88322	O88322	LDDAEGRCFGVK	31.166666666666664	2	True	6.548703
O88322	O88322	LDDAEGRCFGVK	33.0	3	True	6.548703
O88322	O88322	LDDAEGRCFGVK	35.0625	4	True	6.548703
O88322	O88322	FYGNGKHCLPEGAPHRVNGK	31.166666666666664	2	False	3.7345984
O88322	O88322	FYGNGKHCLPEGAPHRVNGK	33.0	3	False	3.7345984
O88322	O88322	FYGNGKHCLPEGAPHRVNGK	35.0625	4	False	3.7345984
O88322	O88322	GDGQFGPTCECTYDVGTGPHCR	31.166666666666664	2	True	8.788109
O88322	O88322	GDGQFGPTCECTYDVGTGPHCR	33.0	3	True	8.788109
O88322	O88322	GDGQFGPTCECTYDVGTGPHCR	35.0625	4	True	8.788109
O88322	O88322	APAPPEADAALLTPVNEDLGGR	31.166666666666664	2	False	15.69898
O88322	O88322	APAPPEADAALLTPVNEDLGGR	33.0	3	False	15.69898
O88322	O88322	APAPPEADAALLTPVNEDLGGR	35.0625	4	False	15.69898
O88322	O88322	SNFSVDIK	31.166666666666664	2	True	9.30556
O88322	O88322	SNFSVDIK	33.0	3	True	9.30556
O88322	O88322	SNFSVDIK	35.0625	4	True	9.30556
O88322	O88322	TISRASLEAGAEPETIITSGLISPEGLAIDHFR	31.166666666666664	2	False	19.49478
O88322	O88322	TISRASLEAGAEPETIITSGLISPEGLAIDHFR	33.0	3	False	19.49478
O88322	O88322	TISRASLEAGAEPETIITSGLISPEGLAIDHFR	35.0625	4	False	19.49478
O88322	O88322	SDFCWCVDKDGR	31.166666666666664	2	False	10.015954
O88322	O88322	SDFCWCVDKDGR	33.0	3	False	10.015954
O88322	O88322	SDFCWCVDKDGR	35.0625	4	False	10.015954
O88322	O88322	VGFCRGEADDLK	31.166666666666664	2	False	6.4548645
O88322	O88322	VGFCRGEADDLK	33.0	3	False	6.4548645
O88322	O88322	VGFCRGEADDLK	35.0625	4	False	6.4548645
O88322	O88322	NWDTWYLNGRIPDVTIARPNVLDTHFLVR	31.166666666666664	2	True	20.167192
O88322	O88322	NWDTWYLNGRIPDVTIARPNVLDTHFLVR	33.0	3	True	20.167192
O88322	O88322	NWDTWYLNGRIPDVTIARPNVLDTHFLVR	35.0625	4	True	20.167192
O88322	O88322	SGIHFAWVGPIGLNSLQYLNKVSQETNTLSFYLAER	31.166666666666664	2	True	23.911903
O88322	O88322	SGIHFAWVGPIGLNSLQYLNKVSQETNTLSFYLAER	33.0	3	True	23.911903
O88322	O88322	SGIHFAWVGPIGLNSLQYLNKVSQETNTLSFYLAER	35.0625	4	True	23.911903
O88322	O88322	AQGEPACTHSGDLCPNPPPAILICTHQDDAFEYGSRCECR	31.166666666666664	2	True	13.477331
O88322	O88322	AQGEPACTHSGDLCPNPPPAILICTHQDDAFEYGSRCECR	33.0	3	True	13.477331
O88322	O88322	AQGEPACTHSGDLCPNPPPAILICTHQDDAFEYGSRCECR	35.0625	4	True	13.477331
O88322	O88322	CHEAAICYNTPGSFSCRCQPGYR	31.166666666666664	2	False	8.335259
O88322	O88322	CHEAAICYNTPGSFSCRCQPGYR	33.0	3	False	8.335259
O88322	O88322	CHEAAICYNTPGSFSCRCQPGYR	35.0625	4	False	8.335259
O88322	O88322	M(ox)VYWTDVAGRTISR	31.166666666666664	2	False	11.467346
O88322	O88322	M(ox)VYWTDVAGRTISR	33.0	3	False	11.467346
O88322	O88322	M(ox)VYWTDVAGRTISR	35.0625	4	False	11.467346
O88322	O88322	CAQYTINQDIHYSWTQNISGSTLSFSR	31.166666666666664	2	True	16.53465
O88322	O88322	CAQYTINQDIHYSWTQNISGSTLSFSR	33.0	3	True	16.53465
O88322	O88322	CAQYTINQDIHYSWTQNISGSTLSFSR	35.0625	4	True	16.53465
O88322	O88322	ILINKDIGLPNGLTFDPFSK	31.166666666666664	2	False	20.156048
O88322	O88322	ILINKDIGLPNGLTFDPFSK	33.0	3	False	20.156048
O88322	O88322	ILINKDIGLPNGLTFDPFSK	35.0625	4	False	20.156048
O88322	O88322	FYGNGKHCLPEGAPHR	31.166666666666664	2	False	4.262153
O88322	O88322	FYGNGKHCLPEGAPHR	33.0	3	False	4.262153
O88322	O88322	FYGNGKHCLPEGAPHR	35.0625	4	False	4.262153
O88322	O88322	SLLLLMVLLSLPSPPTLWGATPDRFM(ox)R	31.166666666666664	2	True	23.932716
O88322	O88322	SLLLLMVLLSLPSPPTLWGATPDRFM(ox)R	33.0	3	True	23.932716
O88322	O88322	SLLLLMVLLSLPSPPTLWGATPDRFM(ox)R	35.0625	4	True	23.932716
O88322	O88322	DPAELLDQMGTR	31.166666666666664	2	False	15.8135605
O88322	O88322	DPAELLDQMGTR	33.0	3	False	15.8135605
O88322	O88322	DPAELLDQMGTR	35.0625	4	False	15.8135605
O88322	O88322	DGRELQGTR	31.166666666666664	2	False	2.228992
O88322	O88322	DGRELQGTR	33.0	3	False	2.228992
O88322	O88322	DGRELQGTR	35.0625	4	False	2.228992
O88322	O88322	ATTDCTHSGDYCPNVGVPASDVEVPGIQNTVAFR	31.166666666666664	2	True	16.173079
O88322	O88322	ATTDCTHSGDYCPNVGVPASDVEVPGIQNTVAFR	33.0	3	True	16.173079
O88322	O88322	ATTDCTHSGDYCPNVGVPASDVEVPGIQNTVAFR	35.0625	4	True	16.173079
O88322	O88322	VAASSEDDGEPLLQDGWSEGYPFLEDPRLAGVK	31.166666666666664	2	True	20.170574
O88322	O88322	VAASSEDDGEPLLQDGWSEGYPFLEDPRLAGVK	33.0	3	True	20.170574
O88322	O88322	VAASSEDDGEPLLQDGWSEGYPFLEDPRLAGVK	35.0625	4	True	20.170574
O88322	O88322	TGQLERGDKDVCWCFDSR	31.166666666666664	2	True	9.63259
O88322	O88322	TGQLERGDKDVCWCFDSR	33.0	3	True	9.63259
O88322	O88322	TGQLERGDKDVCWCFDSR	35.0625	4	True	9.63259
O88322	O88322	TGADAWCLLKSFPDFTLGNPLGIDK	31.166666666666664	2	True	24.580105
O88322	O88322	TGADAWCLLKSFPDFTLGNPLGIDK	33.0	3	True	24.580105
O88322	O88322	TGADAWCLLKSFPDFTLGNPLGIDK	35.0625	4	True	24.580105
O88322	O88322	IERAELDGSERK	31.166666666666664	2	False	2.6347392
O88322	O88322	IERAELDGSERK	33.0	3	False	2.6347392
O88322	O88322	IERAELDGSERK	35.0625	4	False	2.6347392
O88322	O88322	QEPLFEDTFQGSDKNVSIVGDRR	31.166666666666664	2	True	12.885477
O88322	O88322	QEPLFEDTFQGSDKNVSIVGDRR	33.0	3	True	12.885477
O88322	O88322	QEPLFEDTFQGSDKNVSIVGDRR	35.0625	4	True	12.885477
O88322	O88322	VNGKVSGR	31.166666666666664	2	False	1.3598549
O88322	O88322	VNGKVSGR	33.0	3	False	1.3598549
O88322	O88322	VNGKVSGR	35.0625	4	False	1.3598549
O88322	O88322	ITQTAEGLDPENYLSIKTNIEGQVPFIPANFTAHITPYKEFYHYR	31.166666666666664	2	False	20.87854
O88322	O88322	ITQTAEGLDPENYLSIKTNIEGQVPFIPANFTAHITPYKEFYHYR	33.0	3	False	20.87854
O88322	O88322	ITQTAEGLDPENYLSIKTNIEGQVPFIPANFTAHITPYKEFYHYR	35.0625	4	False	20.87854
O88322	O88322	GDKDVCWCFDSR	31.166666666666664	2	True	10.015065
O88322	O88322	GDKDVCWCFDSR	33.0	3	True	10.015065
O88322	O88322	GDKDVCWCFDSR	35.0625	4	True	10.015065
O88322	O88322	GTPCYPYVATIGYLHSR	31.166666666666664	2	True	14.589802
O88322	O88322	GTPCYPYVATIGYLHSR	33.0	3	True	14.589802
O88322	O88322	GTPCYPYVATIGYLHSR	35.0625	4	True	14.589802
O88322	O88322	ITQTAEGLDPENYLSIK	31.166666666666664	2	False	16.34437
O88322	O88322	ITQTAEGLDPENYLSIK	33.0	3	False	16.34437
O88322	O88322	ITQTAEGLDPENYLSIK	35.0625	4	False	16.34437
O88322	O88322	EDTSGAVLSLAAR	31.166666666666664	2	False	11.89945
O88322	O88322	EDTSGAVLSLAAR	33.0	3	False	11.89945
O88322	O88322	EDTSGAVLSLAAR	35.0625	4	False	11.89945
O88322	O88322	SITRGAVDTWYVMR	31.166666666666664	2	True	12.681618
O88322	O88322	SITRGAVDTWYVMR	33.0	3	True	12.681618
O88322	O88322	SITRGAVDTWYVMR	35.0625	4	True	12.681618
O88322	O88322	EFYHYRDSVVTSSSSR	31.166666666666664	2	False	6.775654
O88322	O88322	EFYHYRDSVVTSSSSR	33.0	3	False	6.775654
O88322	O88322	EFYHYRDSVVTSSSSR	35.0625	4	False	6.775654
O88322	O88322	IPDVTIARPNVLDTHFLVR	31.166666666666664	2	True	16.499317
O88322	O88322	IPDVTIARPNVLDTHFLVR	33.0	3	True	16.499317
O88322	O88322	IPDVTIARPNVLDTHFLVR	35.0625	4	True	16.499317
O88322	O88322	TM(ox)YWTDSGLDK	31.166666666666664	2	False	10.0995455
O88322	O88322	TM(ox)YWTDSGLDK	33.0	3	False	10.0995455
O88322	O88322	TM(ox)YWTDSGLDK	35.0625	4	False	10.0995455
O88322	O88322	NWDTWYLNGR	31.166666666666664	2	True	15.574319
O88322	O88322	NWDTWYLNGR	33.0	3	True	15.574319
O88322	O88322	NWDTWYLNGR	35.0625	4	True	15.574319
O88322	O88322	APLQLQVNYSER	31.166666666666664	2	True	11.56753
O88322	O88322	APLQLQVNYSER	33.0	3	True	11.56753
O88322	O88322	APLQLQVNYSER	35.0625	4	True	11.56753
O88322	O88322	VLFHTDLVNPR	31.166666666666664	2	False	11.198118
O88322	O88322	VLFHTDLVNPR	33.0	3	False	11.198118
O88322	O88322	VLFHTDLVNPR	35.0625	4	False	11.198118
O88322	O88322	NEGDLSSTEIKPAERNWDTWYLNGR	31.166666666666664	2	True	13.814442
O88322	O88322	NEGDLSSTEIKPAERNWDTWYLNGR	33.0	3	True	13.814442
O88322	O88322	NEGDLSSTEIKPAERNWDTWYLNGR	35.0625	4	True	13.814442
O88322	O88322	RWDTHYFHDAYSVISFPYNLHNQIVR	31.166666666666664	2	True	16.719555
O88322	O88322	RWDTHYFHDAYSVISFPYNLHNQIVR	33.0	3	True	16.719555
O88322	O88322	RWDTHYFHDAYSVISFPYNLHNQIVR	35.0625	4	True	16.719555
O88322	O88322	VRITQTAEGLDPENYLSIK	31.166666666666664	2	False	15.343498
O88322	O88322	VRITQTAEGLDPENYLSIK	33.0	3	False	15.343498
O88322	O88322	VRITQTAEGLDPENYLSIK	35.0625	4	False	15.343498
O88322	O88322	GGKYVIGLEDHVGSNDQVFTYNGANLETCEHSHGR	31.166666666666664	2	False	11.658455
O88322	O88322	GGKYVIGLEDHVGSNDQVFTYNGANLETCEHSHGR	33.0	3	False	11.658455
O88322	O88322	GGKYVIGLEDHVGSNDQVFTYNGANLETCEHSHGR	35.0625	4	False	11.658455
O88322	O88322	DVCWCFDSKGHCQLPIFHGLDDCQPVYQDDK	31.166666666666664	2	True	16.223341
O88322	O88322	DVCWCFDSKGHCQLPIFHGLDDCQPVYQDDK	33.0	3	True	16.223341
O88322	O88322	DVCWCFDSKGHCQLPIFHGLDDCQPVYQDDK	35.0625	4	True	16.223341
O88322	O88322	HCLPEGAPHR	31.166666666666664	2	False	2.4450655
O88322	O88322	HCLPEGAPHR	33.0	3	False	2.4450655
O88322	O88322	HCLPEGAPHR	35.0625	4	False	2.4450655
O88322	O88322	IETSSLDGENRR	31.166666666666664	2	False	4.1541996
O88322	O88322	IETSSLDGENRR	33.0	3	False	4.1541996
O88322	O88322	IETSSLDGENRR	35.0625	4	False	4.1541996
O88322	O88322	DSGPSSTGVDVLGPDAKSNFSVDIR	31.166666666666664	2	True	14.408778
O88322	O88322	DSGPSSTGVDVLGPDAKSNFSVDIR	33.0	3	True	14.408778
O88322	O88322	DSGPSSTGVDVLGPDAKSNFSVDIR	35.0625	4	True	14.408778
O88322	O88322	RTMYWTDSGLDKIER	31.166666666666664	2	False	10.85861
O88322	O88322	RTMYWTDSGLDKIER	33.0	3	False	10.85861
O88322	O88322	RTMYWTDSGLDKIER	35.0625	4	False	10.85861
O88322	O88322	CQPGYRGDGFHCTSDTVPEDSISGLKPCEYQQRYAQTQHAYPGSR	31.166666666666664	2	False	10.717874
O88322	O88322	CQPGYRGDGFHCTSDTVPEDSISGLKPCEYQQRYAQTQHAYPGSR	33.0	3	False	10.717874
O88322	O88322	CQPGYRGDGFHCTSDTVPEDSISGLKPCEYQQRYAQTQHAYPGSR	35.0625	4	False	10.717874
O88322	O88322	NGHEVPGTQTPPGSTPPHCGPPPEPTQRPRTVCER	31.166666666666664	2	False	5.0711784
O88322	O88322	NGHEVPGTQTPPGSTPPHCGPPPEPTQRPRTVCER	33.0	3	False	5.0711784
O88322	O88322	NGHEVPGTQTPPGSTPPHCGPPPEPTQRPRTVCER	35.0625	4	False	5.0711784
O88322	O88322	LLCWADAGTKK	31.166666666666664	2	False	8.812645
O88322	O88322	LLCWADAGTKK	33.0	3	False	8.812645
O88322	O88322	LLCWADAGTKK	35.0625	4	False	8.812645
O88322	O88322	FHDIALGEPSILGSTIITEPEAGAELSARSITRGAVDTWYVM(ox)R	31.166666666666664	2	True	20.039383
O88322	O88322	FHDIALGEPSILGSTIITEPEAGAELSARSITRGAVDTWYVM(ox)R	33.0	3	True	20.039383
O88322	O88322	FHDIALGEPSILGSTIITEPEAGAELSARSITRGAVDTWYVM(ox)R	35.0625	4	True	20.039383
O88322	O88322	CIHHGGSSFSCACLPGFIGTGHQCSDVDECAENR	31.166666666666664	2	False	11.20122
O88322	O88322	CIHHGGSSFSCACLPGFIGTGHQCSDVDECAENR	33.0	3	False	11.20122
O88322	O88322	CIHHGGSSFSCACLPGFIGTGHQCSDVDECAENR	35.0625	4	False	11.20122
O88322	O88322	AITVDPIRGNLYWTDWNREAPK	31.166666666666664	2	False	15.609776
O88322	O88322	AITVDPIRGNLYWTDWNREAPK	33.0	3	False	15.609776
O88322	O88322	AITVDPIRGNLYWTDWNREAPK	35.0625	4	False	15.609776
O88322	O88322	EALYFSLTNTEQSVKNLYQLSNLGIPGVWAFHIGSR	31.166666666666664	2	False	24.514715
O88322	O88322	EALYFSLTNTEQSVKNLYQLSNLGIPGVWAFHIGSR	33.0	3	False	24.514715
O88322	O88322	EALYFSLTNTEQSVKNLYQLSNLGIPGVWAFHIGSR	35.0625	4	False	24.514715
O88322	O88322	RTM(ox)YWTDSGLDK	31.166666666666664	2	False	7.982732
O88322	O88322	RTM(ox)YWTDSGLDK	33.0	3	False	7.982732
O88322	O88322	RTM(ox)YWTDSGLDK	35.0625	4	False	7.982732
O88322	O88322	NVSIVGDRRWDTHYFHDAYSVISFPYNLHNQIVK	31.166666666666664	2	True	17.449135
O88322	O88322	NVSIVGDRRWDTHYFHDAYSVISFPYNLHNQIVK	33.0	3	True	17.449135
O88322	O88322	NVSIVGDRRWDTHYFHDAYSVISFPYNLHNQIVK	35.0625	4	True	17.449135
O88322	O88322	ETQYVDDDFPTDFPAIAPFLADIDTSHSRGRILYR	31.166666666666664	2	False	21.758017
O88322	O88322	ETQYVDDDFPTDFPAIAPFLADIDTSHSRGRILYR	33.0	3	False	21.758017
O88322	O88322	ETQYVDDDFPTDFPAIAPFLADIDTSHSRGRILYR	35.0625	4	False	21.758017
O88322	O88322	TMYWTDSGLDKIERAELDGSER	31.166666666666664	2	False	14.964205
O88322	O88322	TMYWTDSGLDKIERAELDGSER	33.0	3	False	14.964205
O88322	O88322	TMYWTDSGLDKIERAELDGSER	35.0625	4	False	14.964205
O88322	O88322	VGALRPDELFPYGESWGDQLLPEGDDESSAAVK	31.166666666666664	2	False	19.566723
O88322	O88322	VGALRPDELFPYGESWGDQLLPEGDDESSAAVK	33.0	3	False	19.566723
O88322	O88322	VGALRPDELFPYGESWGDQLLPEGDDESSAAVK	35.0625	4	False	19.566723
O88322	O88322	EIKDLGSDTWYM(ox)TRR	31.166666666666664	2	True	8.946149
O88322	O88322	EIKDLGSDTWYM(ox)TRR	33.0	3	True	8.946149
O88322	O88322	EIKDLGSDTWYM(ox)TRR	35.0625	4	True	8.946149
O88322	O88322	ATTDCTHSGDYCPNVGVPASDVEVPGIQNTVAFRLVGEDESYLAFAR	31.166666666666664	2	True	20.710104
O88322	O88322	ATTDCTHSGDYCPNVGVPASDVEVPGIQNTVAFRLVGEDESYLAFAR	33.0	3	True	20.710104
O88322	O88322	ATTDCTHSGDYCPNVGVPASDVEVPGIQNTVAFRLVGEDESYLAFAR	35.0625	4	True	20.710104
O88322	O88322	VIQNHLNYPFSIVSYADHFYHTDWRR	31.166666666666664	2	False	18.16213
O88322	O88322	VIQNHLNYPFSIVSYADHFYHTDWRR	33.0	3	False	18.16213
O88322	O88322	VIQNHLNYPFSIVSYADHFYHTDWRR	35.0625	4	False	18.16213
O88322	O88322	ADPGLVDVGTSSPGSDRASPWPYPAPGNWPSYR	31.166666666666664	2	False	17.255823
O88322	O88322	ADPGLVDVGTSSPGSDRASPWPYPAPGNWPSYR	33.0	3	False	17.255823
O88322	O88322	ADPGLVDVGTSSPGSDRASPWPYPAPGNWPSYR	35.0625	4	False	17.255823
O88322	O88322	KTGADAWCLLKSFPDFTLGNPLGIDK	31.166666666666664	2	True	22.911343
O88322	O88322	KTGADAWCLLKSFPDFTLGNPLGIDK	33.0	3	True	22.911343
O88322	O88322	KTGADAWCLLKSFPDFTLGNPLGIDK	35.0625	4	True	22.911343
O88322	O88322	ILYREDTSGAVLSLAAR	31.166666666666664	2	False	12.826858
O88322	O88322	ILYREDTSGAVLSLAAR	33.0	3	False	12.826858
O88322	O88322	ILYREDTSGAVLSLAAR	35.0625	4	False	12.826858
O88322	O88322	SLLLLM(ox)VLLSLPSPPTLWGATPDRFMR	31.166666666666664	2	True	24.08931
O88322	O88322	SLLLLM(ox)VLLSLPSPPTLWGATPDRFMR	33.0	3	True	24.08931
O88322	O88322	SLLLLM(ox)VLLSLPSPPTLWGATPDRFMR	35.0625	4	True	24.08931
O88322	O88322	NEGDLSSTEIR	31.166666666666664	2	True	6.491088
O88322	O88322	NEGDLSSTEIR	33.0	3	True	6.491088
O88322	O88322	NEGDLSSTEIR	35.0625	4	True	6.491088
O88322	O88322	GNLYWTDWNREAPKIETSSLDGENR	31.166666666666664	2	False	13.949405
O88322	O88322	GNLYWTDWNREAPKIETSSLDGENR	33.0	3	False	13.949405
O88322	O88322	GNLYWTDWNREAPKIETSSLDGENR	35.0625	4	False	13.949405
O88322	O88322	GEADDLKR	31.166666666666664	2	False	2.205954
O88322	O88322	GEADDLKR	33.0	3	False	2.205954
O88322	O88322	GEADDLKR	35.0625	4	False	2.205954
O88322	O88322	GAVDTWYVMRERCDYDIGVVISGHLSLLTR	31.166666666666664	2	True	20.39003
O88322	O88322	GAVDTWYVMRERCDYDIGVVISGHLSLLTR	33.0	3	True	20.39003
O88322	O88322	GAVDTWYVMRERCDYDIGVVISGHLSLLTR	35.0625	4	True	20.39003
O88322	O88322	GRILYREDTSGAVLSLAAR	31.166666666666664	2	False	11.314415
O88322	O88322	GRILYREDTSGAVLSLAAR	33.0	3	False	11.314415
O88322	O88322	GRILYREDTSGAVLSLAAR	35.0625	4	False	11.314415
O88322	O88322	LRGSVKGNVR	31.166666666666664	2	True	1.5941832
O88322	O88322	LRGSVKGNVR	33.0	3	True	1.5941832
O88322	O88322	LRGSVKGNVR	35.0625	4	True	1.5941832
O88322	O88322	DGVISVNKDSGQFTDEFLPEQRSHLYGITAVYPYCPTGR	31.166666666666664	2	False	17.716614
O88322	O88322	DGVISVNKDSGQFTDEFLPEQRSHLYGITAVYPYCPTGR	33.0	3	False	17.716614
O88322	O88322	DGVISVNKDSGQFTDEFLPEQRSHLYGITAVYPYCPTGR	35.0625	4	False	17.716614
O88322	O88322	MVYWTDVAGRTISRASLEAGAEPETIITSGLISPEGLAIDHFR	31.166666666666664	2	False	22.116837
O88322	O88322	MVYWTDVAGRTISRASLEAGAEPETIITSGLISPEGLAIDHFR	33.0	3	False	22.116837
O88322	O88322	MVYWTDVAGRTISRASLEAGAEPETIITSGLISPEGLAIDHFR	35.0625	4	False	22.116837
O88322	O88322	TLLSLHGSIVVGIDYDCR	31.166666666666664	2	False	16.526133
O88322	O88322	TLLSLHGSIVVGIDYDCR	33.0	3	False	16.526133
O88322	O88322	TLLSLHGSIVVGIDYDCR	35.0625	4	False	16.526133
O88322	O88322	DVCWCFDSKGHCQLPIFHGLDDCQPVYQDDRPTGGYHELLSEK	31.166666666666664	2	True	16.998592
O88322	O88322	DVCWCFDSKGHCQLPIFHGLDDCQPVYQDDRPTGGYHELLSEK	33.0	3	True	16.998592
O88322	O88322	DVCWCFDSKGHCQLPIFHGLDDCQPVYQDDRPTGGYHELLSEK	35.0625	4	True	16.998592
O88322	O88322	FDLVEGEGVPRGQR	31.166666666666664	2	True	9.490846
O88322	O88322	FDLVEGEGVPRGQR	33.0	3	True	9.490846
O88322	O88322	FDLVEGEGVPRGQR	35.0625	4	True	9.490846
O88322	O88322	AALSLVAGSTDERYLIRGR	31.166666666666664	2	True	12.386898
O88322	O88322	AALSLVAGSTDERYLIRGR	33.0	3	True	12.386898
O88322	O88322	AALSLVAGSTDERYLIRGR	35.0625	4	True	12.386898
O88322	O88322	AITVDPIR	31.166666666666664	2	False	9.485419
O88322	O88322	AITVDPIR	33.0	3	False	9.485419
O88322	O88322	AITVDPIR	35.0625	4	False	9.485419
O88322	O88322	SHSTDIDALFPAIAPFDTPFDDDVYQTER	31.166666666666664	2	True	22.663208
O88322	O88322	SHSTDIDALFPAIAPFDTPFDDDVYQTER	33.0	3	True	22.663208
O88322	O88322	SHSTDIDALFPAIAPFDTPFDDDVYQTER	35.0625	4	True	22.663208
O88322	O88322	TNIEGQVPFIPANFTAHITPYKEFYHYR	31.166666666666664	2	False	18.000168
O88322	O88322	TNIEGQVPFIPANFTAHITPYKEFYHYR	33.0	3	False	18.000168
O88322	O88322	TNIEGQVPFIPANFTAHITPYKEFYHYR	35.0625	4	False	18.000168
O88322	O88322	EFYHYR	31.166666666666664	2	False	5.3077993
O88322	O88322	EFYHYR	33.0	3	False	5.3077993
O88322	O88322	EFYHYR	35.0625	4	False	5.3077993
O88322	O88322	REALYFSLTNTEQSVKNLYQLSNLGIPGVWAFHIGSR	31.166666666666664	2	False	23.890491
O88322	O88322	REALYFSLTNTEQSVKNLYQLSNLGIPGVWAFHIGSR	33.0	3	False	23.890491
O88322	O88322	REALYFSLTNTEQSVKNLYQLSNLGIPGVWAFHIGSR	35.0625	4	False	23.890491
O88322	O88322	YSPWNGPAPYPWPSAR	31.166666666666664	2	True	16.548252
O88322	O88322	YSPWNGPAPYPWPSAR	33.0	3	True	16.548252
O88322	O88322	YSPWNGPAPYPWPSAR	35.0625	4	True	16.548252
O88322	O88322	RNEGDLSSTEIR	31.166666666666664	2	True	5.0284734
O88322	O88322	RNEGDLSSTEIR	33.0	3	True	5.0284734
O88322	O88322	RNEGDLSSTEIR	35.0625	4	True	5.0284734
O88322	O88322	CSFSGPTNYCIAAEHCR	31.166666666666664	2	True	9.042632
O88322	O88322	CSFSGPTNYCIAAEHCR	33.0	3	True	9.042632
O88322	O88322	CSFSGPTNYCIAAEHCR	35.0625	4	True	9.042632
O88322	O88322	GNGYFRSQCHCCFGTTYDTCFAHQSCK	31.166666666666664	2	True	8.6291685
O88322	O88322	GNGYFRSQCHCCFGTTYDTCFAHQSCK	33.0	3	True	8.6291685
O88322	O88322	GNGYFRSQCHCCFGTTYDTCFAHQSCK	35.0625	4	True	8.6291685
O88322	O88322	SLLLLM(ox)VLLSLPSPPTLWGATPDRFM(ox)R	31.166666666666664	2	True	24.107197
O88322	O88322	SLLLLM(ox)VLLSLPSPPTLWGATPDRFM(ox)R	33.0	3	True	24.107197
O88322	O88322	SLLLLM(ox)VLLSLPSPPTLWGATPDRFM(ox)R	35.0625	4	True	24.107197
O88322	O88322	TVCERWR	31.166666666666664	2	False	3.9183984
O88322	O88322	TVCERWR	33.0	3	False	3.9183984
O88322	O88322	TVCERWR	35.0625	4	False	3.9183984
O88322	O88322	SHGEPAEGPEVPPYEVDEENEDYYHFSDETYSELAAAHSFPHELASSR	31.166666666666664	2	True	16.735538
O88322	O88322	SHGEPAEGPEVPPYEVDEENEDYYHFSDETYSELAAAHSFPHELASSR	33.0	3	True	16.735538
O88322	O88322	SHGEPAEGPEVPPYEVDEENEDYYHFSDETYSELAAAHSFPHELASSR	35.0625	4	True	16.735538
O88322	O88322	PTGGYHELLSERWR	31.166666666666664	2	True	9.802792
O88322	O88322	PTGGYHELLSERWR	33.0	3	True	9.802792
O88322	O88322	PTGGYHELLSERWR	35.0625	4	True	9.802792
O88322	O88322	CHEAAICYNTPGSFSCR	31.166666666666664	2	False	8.846483
O88322	O88322	CHEAAICYNTPGSFSCR	33.0	3	False	8.846483
O88322	O88322	CHEAAICYNTPGSFSCR	35.0625	4	False	8.846483
O88322	O88322	AFALYSEDEGVLR	31.166666666666664	2	False	14.873934
O88322	O88322	AFALYSEDEGVLR	33.0	3	False	14.873934
O88322	O88322	AFALYSEDEGVLR	35.0625	4	False	14.873934
O88322	O88322	DLGSDTWYM(ox)TK	31.166666666666664	2	True	11.064265
O88322	O88322	DLGSDTWYM(ox)TK	33.0	3	True	11.064265
O88322	O88322	DLGSDTWYM(ox)TK	35.0625	4	True	11.064265
O88322	O88322	QEPLFEDTFQGSDKNVSIVGDR	31.166666666666664	2	True	14.359197
O88322	O88322	QEPLFEDTFQGSDKNVSIVGDR	33.0	3	True	14.359197
O88322	O88322	QEPLFEDTFQGSDKNVSIVGDR	35.0625	4	True	14.359197
O88322	O88322	DSVVTSSSSR	31.166666666666664	2	False	2.556026
O88322	O88322	DSVVTSSSSR	33.0	3	False	2.556026
O88322	O88322	DSVVTSSSSR	35.0625	4	False	2.556026
O88322	O88322	ESGDLEAREIKDLGSDTWYMTR	31.166666666666664	2	True	14.730027
O88322	O88322	ESGDLEAREIKDLGSDTWYMTR	33.0	3	True	14.730027
O88322	O88322	ESGDLEAREIKDLGSDTWYMTR	35.0625	4	True	14.730027
O88322	O88322	CECRYSGVLNVCVSNPGCRHFGTACENVDVCSR	31.166666666666664	2	True	10.823249
O88322	O88322	CECRYSGVLNVCVSNPGCRHFGTACENVDVCSR	33.0	3	True	10.823249
O88322	O88322	CECRYSGVLNVCVSNPGCRHFGTACENVDVCSR	35.0625	4	True	10.823249
O88322	O88322	TNIEGQVPFIPANFTAHITPYKEFYHYRDSVVTSSSSR	31.166666666666664	2	False	17.608376
O88322	O88322	TNIEGQVPFIPANFTAHITPYKEFYHYRDSVVTSSSSR	33.0	3	False	17.608376
O88322	O88322	TNIEGQVPFIPANFTAHITPYKEFYHYRDSVVTSSSSR	35.0625	4	False	17.608376
O88322	O88322	IHIPQCDDQGNFVPLQCHGSTGFCWCVDR	31.166666666666664	2	False	15.561016
O88322	O88322	IHIPQCDDQGNFVPLQCHGSTGFCWCVDR	33.0	3	False	15.561016
O88322	O88322	IHIPQCDDQGNFVPLQCHGSTGFCWCVDR	35.0625	4	False	15.561016
O88322	O88322	ESYNVQLQLPARVGFCR	31.166666666666664	2	False	14.909213
O88322	O88322	ESYNVQLQLPARVGFCR	33.0	3	False	14.909213
O88322	O88322	ESYNVQLQLPARVGFCR	35.0625	4	False	14.909213
O88322	O88322	EIKDLGSDTWYM(ox)TR	31.166666666666664	2	True	10.526842
O88322	O88322	EIKDLGSDTWYM(ox)TR	33.0	3	True	10.526842
O88322	O88322	EIKDLGSDTWYM(ox)TR	35.0625	4	True	10.526842
O88322	O88322	WRESLLEHYGGTPRDDQYVPQCDDLGHFIPLQCHGK	31.166666666666664	2	False	14.677592
O88322	O88322	WRESLLEHYGGTPRDDQYVPQCDDLGHFIPLQCHGK	33.0	3	False	14.677592
O88322	O88322	WRESLLEHYGGTPRDDQYVPQCDDLGHFIPLQCHGK	35.0625	4	False	14.677592
O88322	O88322	YAQTQHAYPGSRIHIPQCDDQGNFVPLQCHGSTGFCWCVDR	31.166666666666664	2	False	13.873077
O88322	O88322	YAQTQHAYPGSRIHIPQCDDQGNFVPLQCHGSTGFCWCVDR	33.0	3	False	13.873077
O88322	O88322	YAQTQHAYPGSRIHIPQCDDQGNFVPLQCHGSTGFCWCVDR	35.0625	4	False	13.873077
O88322	O88322	TGFPLSGSSFTPTHAFLATWEHVGAYEEVSR	31.166666666666664	2	False	21.125248
O88322	O88322	TGFPLSGSSFTPTHAFLATWEHVGAYEEVSR	33.0	3	False	21.125248
O88322	O88322	TGFPLSGSSFTPTHAFLATWEHVGAYEEVSR	35.0625	4	False	21.125248
O88322	O88322	GDGFHCTSDTVPEDSISGLKPCEYQQRYAQTQHAYPGSR	31.166666666666664	2	False	10.744258
O88322	O88322	GDGFHCTSDTVPEDSISGLKPCEYQQRYAQTQHAYPGSR	33.0	3	False	10.744258
O88322	O88322	GDGFHCTSDTVPEDSISGLKPCEYQQRYAQTQHAYPGSR	35.0625	4	False	10.744258
O88322	O88322	WRECVTRPRQTPEPPPGCHPPTSGPPTQTGPVEHGNR	31.166666666666664	2	True	5.564149
O88322	O88322	WRECVTRPRQTPEPPPGCHPPTSGPPTQTGPVEHGNR	33.0	3	True	5.564149
O88322	O88322	WRECVTRPRQTPEPPPGCHPPTSGPPTQTGPVEHGNR	35.0625	4	True	5.564149
O88322	O88322	AALSLVAGSTDER	31.166666666666664	2	True	10.216363
O88322	O88322	AALSLVAGSTDER	33.0	3	True	10.216363
O88322	O88322	AALSLVAGSTDER	35.0625	4	True	10.216363
O88322	O88322	AELDGSERKVLFHTDLVNPR	31.166666666666664	2	False	10.828334
O88322	O88322	AELDGSERKVLFHTDLVNPR	33.0	3	False	10.828334
O88322	O88322	AELDGSERKVLFHTDLVNPR	35.0625	4	False	10.828334
O88322	O88322	ATSPDGGVTAPRVNDLAFR	31.166666666666664	2	True	11.390776
O88322	O88322	ATSPDGGVTAPRVNDLAFR	33.0	3	True	11.390776
O88322	O88322	ATSPDGGVTAPRVNDLAFR	35.0625	4	True	11.390776
O88322	O88322	ESLLEHYGGTPRDDQYVPQCDDLGHFIPLQCHGKSDFCWCVDK	31.166666666666664	2	False	16.843006
O88322	O88322	ESLLEHYGGTPRDDQYVPQCDDLGHFIPLQCHGKSDFCWCVDK	33.0	3	False	16.843006
O88322	O88322	ESLLEHYGGTPRDDQYVPQCDDLGHFIPLQCHGKSDFCWCVDK	35.0625	4	False	16.843006
O88322	O88322	MFRDPTAGWLTPPSPLSLLVM(ox)LLLLSR	31.166666666666664	2	False	26.883244
O88322	O88322	MFRDPTAGWLTPPSPLSLLVM(ox)LLLLSR	33.0	3	False	26.883244
O88322	O88322	MFRDPTAGWLTPPSPLSLLVM(ox)LLLLSR	35.0625	4	False	26.883244
O88322	O88322	QGRPVGEGEVLDFRDPAELLDQM(ox)GTR	31.166666666666664	2	False	16.213928
O88322	O88322	QGRPVGEGEVLDFRDPAELLDQM(ox)GTR	33.0	3	False	16.213928
O88322	O88322	QGRPVGEGEVLDFRDPAELLDQM(ox)GTR	35.0625	4	False	16.213928
O88322	O88322	FYDAQFSSLYVGTNGIISTQDFPR	31.166666666666664	2	False	20.56211
O88322	O88322	FYDAQFSSLYVGTNGIISTQDFPR	33.0	3	False	20.56211
O88322	O88322	FYDAQFSSLYVGTNGIISTQDFPR	35.0625	4	False	20.56211
O88322	O88322	NGHEVPGTQTPPGSTPPHCGPPPEPTQRPR	31.166666666666664	2	False	4.670089
O88322	O88322	NGHEVPGTQTPPGSTPPHCGPPPEPTQRPR	33.0	3	False	4.670089
O88322	O88322	NGHEVPGTQTPPGSTPPHCGPPPEPTQRPR	35.0625	4	False	4.670089
O88322	O88322	LVGEDESYLAFARDVTLQQTAPIALHR	31.166666666666664	2	True	18.112484
O88322	O88322	LVGEDESYLAFARDVTLQQTAPIALHR	33.0	3	True	18.112484
O88322	O88322	LVGEDESYLAFARDVTLQQTAPIALHR	35.0625	4	True	18.112484
O88322	O88322	SGPYAHQTQAYR	31.166666666666664	2	True	3.011435
O88322	O88322	SGPYAHQTQAYR	33.0	3	True	3.011435
O88322	O88322	SGPYAHQTQAYR	35.0625	4	True	3.011435
O88322	O88322	HCLPEGAPHRVNGKVSGR	31.166666666666664	2	False	2.4755378
O88322	O88322	HCLPEGAPHRVNGKVSGR	33.0	3	False	2.4755378
O88322	O88322	HCLPEGAPHRVNGKVSGR	35.0625	4	False	2.4755378
O88322	O88322	PAHRCAQYTINQDIHYSWTQNISGSTLSFSR	31.166666666666664	2	True	14.117418
O88322	O88322	PAHRCAQYTINQDIHYSWTQNISGSTLSFSR	33.0	3	True	14.117418
O88322	O88322	PAHRCAQYTINQDIHYSWTQNISGSTLSFSR	35.0625	4	True	14.117418
O88322	O88322	ASLEAGAEPETIITSGLISPEGLAIDHFR	31.166666666666664	2	False	20.50037
O88322	O88322	ASLEAGAEPETIITSGLISPEGLAIDHFR	33.0	3	False	20.50037
O88322	O88322	ASLEAGAEPETIITSGLISPEGLAIDHFR	35.0625	4	False	20.50037
O88322	O88322	DSGPSSTGVDVLGPDAR	31.166666666666664	2	True	10.597212
O88322	O88322	DSGPSSTGVDVLGPDAR	33.0	3	True	10.597212
O88322	O88322	DSGPSSTGVDVLGPDAR	35.0625	4	True	10.597212
O88322	O88322	QQYECPKLGSISDEPVTDSTCHFGDGRYGPQCRCSFSGPTNYCIAAEHCR	31.166666666666664	2	True	12.254146
O88322	O88322	QQYECPKLGSISDEPVTDSTCHFGDGRYGPQCRCSFSGPTNYCIAAEHCR	33.0	3	True	12.254146
O88322	O88322	QQYECPKLGSISDEPVTDSTCHFGDGRYGPQCRCSFSGPTNYCIAAEHCR	35.0625	4	True	12.254146
O88322	O88322	SDFCWCVDK	31.166666666666664	2	False	11.879917
O88322	O88322	SDFCWCVDK	33.0	3	False	11.879917
O88322	O88322	SDFCWCVDK	35.0625	4	False	11.879917
O88322	O88322	GRSHSTDIDALFPAIAPFDTPFDDDVYQTER	31.166666666666664	2	True	21.099384
O88322	O88322	GRSHSTDIDALFPAIAPFDTPFDDDVYQTER	33.0	3	True	21.099384
O88322	O88322	GRSHSTDIDALFPAIAPFDTPFDDDVYQTER	35.0625	4	True	21.099384
O88322	O88322	IETSSLDGENR	31.166666666666664	2	False	5.360063
O88322	O88322	IETSSLDGENR	33.0	3	False	5.360063
O88322	O88322	IETSSLDGENR	35.0625	4	False	5.360063
O88322	O88322	RTMYWTDSGLDK	31.166666666666664	2	False	9.693918
O88322	O88322	RTMYWTDSGLDK	33.0	3	False	9.693918
O88322	O88322	RTMYWTDSGLDK	35.0625	4	False	9.693918
O88322	O88322	TMYWTDSGLDK	31.166666666666664	2	False	12.190268
O88322	O88322	TMYWTDSGLDK	33.0	3	False	12.190268
O88322	O88322	TMYWTDSGLDK	35.0625	4	False	12.190268
O88322	O88322	AELDGSERK	31.166666666666664	2	False	1.830477
O88322	O88322	AELDGSERK	33.0	3	False	1.830477
O88322	O88322	AELDGSERK	35.0625	4	False	1.830477
O88322	O88322	SFPDFTLGNPLGIDKNILIK	31.166666666666664	2	True	21.267473
O88322	O88322	SFPDFTLGNPLGIDKNILIK	33.0	3	True	21.267473
O88322	O88322	SFPDFTLGNPLGIDKNILIK	35.0625	4	True	21.267473
O88322	O88322	GSVKGNVRHPAGEPLCHR	31.166666666666664	2	True	1.9068842
O88322	O88322	GSVKGNVRHPAGEPLCHR	33.0	3	True	1.9068842
O88322	O88322	GSVKGNVRHPAGEPLCHR	35.0625	4	True	1.9068842
O88322	O88322	SFSLTSGSINQTWSYHIDQNITYQACR	31.166666666666664	2	False	16.26156
O88322	O88322	SFSLTSGSINQTWSYHIDQNITYQACR	33.0	3	False	16.26156
O88322	O88322	SFSLTSGSINQTWSYHIDQNITYQACR	35.0625	4	False	16.26156
O88322	O88322	ITQTAEGLDPENYLSIKTNIEGQVPFIPANFTAHITPYK	31.166666666666664	2	False	21.843826
O88322	O88322	ITQTAEGLDPENYLSIKTNIEGQVPFIPANFTAHITPYK	33.0	3	False	21.843826
O88322	O88322	ITQTAEGLDPENYLSIKTNIEGQVPFIPANFTAHITPYK	35.0625	4	False	21.843826
O88322	O88322	PNVLDTHFLVKR	31.166666666666664	2	True	10.959646
O88322	O88322	PNVLDTHFLVKR	33.0	3	True	10.959646
O88322	O88322	PNVLDTHFLVKR	35.0625	4	True	10.959646
O88322	O88322	EIKDLGSDTWYMTRR	31.166666666666664	2	True	10.703615
O88322	O88322	EIKDLGSDTWYMTRR	33.0	3	True	10.703615
O88322	O88322	EIKDLGSDTWYMTRR	35.0625	4	True	10.703615
O88322	O88322	TQPDLSASETERYSPWNGPAPYPWPSARDSGPSSTGVDVLGPDAK	31.166666666666664	2	True	16.241362
O88322	O88322	TQPDLSASETERYSPWNGPAPYPWPSARDSGPSSTGVDVLGPDAK	33.0	3	True	16.241362
O88322	O88322	TQPDLSASETERYSPWNGPAPYPWPSARDSGPSSTGVDVLGPDAK	35.0625	4	True	16.241362
O88322	O88322	GDNGVIYAHLDVDTFHVPIHGVRLR	31.166666666666664	2	True	15.494755
O88322	O88322	GDNGVIYAHLDVDTFHVPIHGVRLR	33.0	3	True	15.494755
O88322	O88322	GDNGVIYAHLDVDTFHVPIHGVRLR	35.0625	4	True	15.494755
O88322	O88322	YGPQCRCSFSGPTNYCIAAEHCR	31.166666666666664	2	True	8.406231
O88322	O88322	YGPQCRCSFSGPTNYCIAAEHCR	33.0	3	True	8.406231
O88322	O88322	YGPQCRCSFSGPTNYCIAAEHCR	35.0625	4	True	8.406231
O88322	O88322	YPTIHATFNAPIFPVQGEINTKISLYNEPDLGEATQTIRVK	31.166666666666664	2	True	19.438828
O88322	O88322	YPTIHATFNAPIFPVQGEINTKISLYNEPDLGEATQTIRVK	33.0	3	True	19.438828
O88322	O88322	YPTIHATFNAPIFPVQGEINTKISLYNEPDLGEATQTIRVK	35.0625	4	True	19.438828
O88322	O88322	LPIALR	31.166666666666664	2	True	10.601782
O88322	O88322	LPIALR	33.0	3	True	10.601782
O88322	O88322	LPIALR	35.0625	4	True	10.601782
O88322	O88322	TGMQDLLEAPDR	31.166666666666664	2	True	13.3402195
O88322	O88322	TGMQDLLEAPDR	33.0	3	True	13.3402195
O88322	O88322	TGMQDLLEAPDR	35.0625	4	True	13.3402195
O88322	O88322	TLLSLHGSIVVGIDYDCRER	31.166666666666664	2	False	14.791336
O88322	O88322	TLLSLHGSIVVGIDYDCRER	33.0	3	False	14.791336
O88322	O88322	TLLSLHGSIVVGIDYDCRER	35.0625	4	False	14.791336
O88322	O88322	SSALEHPFSHAAALESYTEDSFHYYDENEEDVEYPPVEPGEAPEGHSR	31.166666666666664	2	False	15.670126
O88322	O88322	SSALEHPFSHAAALESYTEDSFHYYDENEEDVEYPPVEPGEAPEGHSR	33.0	3	False	15.670126
O88322	O88322	SSALEHPFSHAAALESYTEDSFHYYDENEEDVEYPPVEPGEAPEGHSR	35.0625	4	False	15.670126
O88322	O88322	LDDAEGRCFGVRAPLQLQVNYSEK	31.166666666666664	2	True	13.296862
O88322	O88322	LDDAEGRCFGVRAPLQLQVNYSEK	33.0	3	True	13.296862
O88322	O88322	LDDAEGRCFGVRAPLQLQVNYSEK	35.0625	4	True	13.296862
O88322	O88322	TM(ox)YWTDSGLDKIER	31.166666666666664	2	False	11.240956
O88322	O88322	TM(ox)YWTDSGLDKIER	33.0	3	False	11.240956
O88322	O88322	TM(ox)YWTDSGLDKIER	35.0625	4	False	11.240956
O88322	O88322	DVCWCFDSK	31.166666666666664	2	True	12.671864
O88322	O88322	DVCWCFDSK	33.0	3	True	12.671864
O88322	O88322	DVCWCFDSK	35.0625	4	True	12.671864
O88322	O88322	IDVSFNSKADPGLVDVGTSSPGSDR	31.166666666666664	2	False	13.239872
O88322	O88322	IDVSFNSKADPGLVDVGTSSPGSDR	33.0	3	False	13.239872
O88322	O88322	IDVSFNSKADPGLVDVGTSSPGSDR	35.0625	4	False	13.239872
O88322	O88322	KVLFHTDLVNPRAITVDPIR	31.166666666666664	2	False	13.8066635
O88322	O88322	KVLFHTDLVNPRAITVDPIR	33.0	3	False	13.8066635
O88322	O88322	KVLFHTDLVNPRAITVDPIR	35.0625	4	False	13.8066635
O88322	O88322	ESGDLEAREIKDLGSDTWYM(ox)TR	31.166666666666664	2	True	13.105364
O88322	O88322	ESGDLEAREIKDLGSDTWYM(ox)TR	33.0	3	True	13.105364
O88322	O88322	ESGDLEAREIKDLGSDTWYM(ox)TR	35.0625	4	True	13.105364
O88322	O88322	RGTPCYPYVATIGYLHSK	31.166666666666664	2	True	12.457272
O88322	O88322	RGTPCYPYVATIGYLHSK	33.0	3	True	12.457272
O88322	O88322	RGTPCYPYVATIGYLHSK	35.0625	4	True	12.457272
O88322	O88322	M(ox)FRDPTAGWLTPPSPLSLLVMLLLLSR	31.166666666666664	2	False	27.342312
O88322	O88322	M(ox)FRDPTAGWLTPPSPLSLLVMLLLLSR	33.0	3	False	27.342312
O88322	O88322	M(ox)FRDPTAGWLTPPSPLSLLVMLLLLSR	35.0625	4	False	27.342312
O88322	O88322	PRQTPEPPPGCHPPTSGPPTQTGPVEHGNR	31.166666666666664	2	True	4.657558
O88322	O88322	PRQTPEPPPGCHPPTSGPPTQTGPVEHGNR	33.0	3	True	4.657558
O88322	O88322	PRQTPEPPPGCHPPTSGPPTQTGPVEHGNR	35.0625	4	True	4.657558
O88322	O88322	ASPWPYPAPGNWPSYR	31.166666666666664	2	False	16.73585
O88322	O88322	ASPWPYPAPGNWPSYR	33.0	3	False	16.73585
O88322	O88322	ASPWPYPAPGNWPSYR	35.0625	4	False	16.73585
O88322	O88322	AELDGSER	31.166666666666664	2	False	2.7364914
O88322	O88322	AELDGSER	33.0	3	False	2.7364914
O88322	O88322	AELDGSER	35.0625	4	False	2.7364914
O88322	O88322	CECRSGYEFADDQHTCILIAPPPNPCLDGSHTCAPEGQAR	31.166666666666664	2	False	12.750734
O88322	O88322	CECRSGYEFADDQHTCILIAPPPNPCLDGSHTCAPEGQAR	33.0	3	False	12.750734
O88322	O88322	CECRSGYEFADDQHTCILIAPPPNPCLDGSHTCAPEGQAR	35.0625	4	False	12.750734
O88322	O88322	DSGQFTDEFLPEQRSHLYGITAVYPYCPTGR	31.166666666666664	2	False	17.35263
O88322	O88322	DSGQFTDEFLPEQRSHLYGITAVYPYCPTGR	33.0	3	False	17.35263
O88322	O88322	DSGQFTDEFLPEQRSHLYGITAVYPYCPTGR	35.0625	4	False	17.35263
O88322	O88322	GTGDPLTCELKKTGADAWCLLR	31.166666666666664	2	True	16.90995
O88322	O88322	GTGDPLTCELKKTGADAWCLLR	33.0	3	True	16.90995
O88322	O88322	GTGDPLTCELKKTGADAWCLLR	35.0625	4	True	16.90995
O88322	O88322	HFGTACENVDVCSR	31.166666666666664	2	True	6.13397
O88322	O88322	HFGTACENVDVCSR	33.0	3	True	6.13397
O88322	O88322	HFGTACENVDVCSR	35.0625	4	True	6.13397
O88322	O88322	EAPKIETSSLDGENRR	31.166666666666664	2	False	5.569997
O88322	O88322	EAPKIETSSLDGENRR	33.0	3	False	5.569997
O88322	O88322	EAPKIETSSLDGENRR	35.0625	4	False	5.569997
O88322	O88322	ESGDLEAREIR	31.166666666666664	2	True	5.0029354
O88322	O88322	ESGDLEAREIR	33.0	3	True	5.0029354
O88322	O88322	ESGDLEAREIR	35.0625	4	True	5.0029354
O88322	O88322	QQYECPKLGSISDEPVTDSTCHFGDGRYGPQCR	31.166666666666664	2	True	10.615836
O88322	O88322	QQYECPKLGSISDEPVTDSTCHFGDGRYGPQCR	33.0	3	True	10.615836
O88322	O88322	QQYECPKLGSISDEPVTDSTCHFGDGRYGPQCR	35.0625	4	True	10.615836
O88322	O88322	NTQSYPEAGPVPSEPDVPVPPLEGEVLPHYPESGHVPPLRGGK	31.166666666666664	2	False	16.352175
O88322	O88322	NTQSYPEAGPVPSEPDVPVPPLEGEVLPHYPESGHVPPLRGGK	33.0	3	False	16.352175
O88322	O88322	NTQSYPEAGPVPSEPDVPVPPLEGEVLPHYPESGHVPPLRGGK	35.0625	4	False	16.352175
O88322	O88322	AITVDPIRGNLYWTDWNR	31.166666666666664	2	False	17.386902
O88322	O88322	AITVDPIRGNLYWTDWNR	33.0	3	False	17.386902
O88322	O88322	AITVDPIRGNLYWTDWNR	35.0625	4	False	17.386902
O88322	O88322	TGM(ox)QDLLEAPDRFDLVEGEGVPRGQKTQPDLSASETER	31.166666666666664	2	True	13.346481
O88322	O88322	TGM(ox)QDLLEAPDRFDLVEGEGVPRGQKTQPDLSASETER	33.0	3	True	13.346481
O88322	O88322	TGM(ox)QDLLEAPDRFDLVEGEGVPRGQKTQPDLSASETER	35.0625	4	True	13.346481
O88322	O88322	VYRAALSLVAGSTDER	31.166666666666664	2	True	11.167157
O88322	O88322	VYRAALSLVAGSTDER	33.0	3	True	11.167157
O88322	O88322	VYRAALSLVAGSTDER	35.0625	4	True	11.167157
O88322	O88322	YHYFEKYPTIHATFNAPIFPVQGEINTR	31.166666666666664	2	True	15.934027
O88322	O88322	YHYFEKYPTIHATFNAPIFPVQGEINTR	33.0	3	True	15.934027
O88322	O88322	YHYFEKYPTIHATFNAPIFPVQGEINTR	35.0625	4	True	15.934027
O88322	O88322	RDGVISVNKDSGQFTDEFLPEQR	31.166666666666664	2	False	12.93557
O88322	O88322	RDGVISVNKDSGQFTDEFLPEQR	33.0	3	False	12.93557
O88322	O88322	RDGVISVNKDSGQFTDEFLPEQR	35.0625	4	False	12.93557
O88322	O88322	SHLYGITAVYPYCPTGR	31.166666666666664	2	False	13.061453
O88322	O88322	SHLYGITAVYPYCPTGR	33.0	3	False	13.061453
O88322	O88322	SHLYGITAVYPYCPTGR	35.0625	4	False	13.061453
O88322	O88322	RVIQNHLNYPFSIVSYADHFYHTDWRR	31.166666666666664	2	False	16.992294
O88322	O88322	RVIQNHLNYPFSIVSYADHFYHTDWRR	33.0	3	False	16.992294
O88322	O88322	RVIQNHLNYPFSIVSYADHFYHTDWRR	35.0625	4	False	16.992294
O88322	O88322	TM(ox)YWTDSGLDKIERAELDGSER	31.166666666666664	2	False	13.759019
O88322	O88322	TM(ox)YWTDSGLDKIERAELDGSER	33.0	3	False	13.759019
O88322	O88322	TM(ox)YWTDSGLDKIERAELDGSER	35.0625	4	False	13.759019
O88322	O88322	GHCQLPIFHGLDDCQPVYQDDRPTGGYHELLSEK	31.166666666666664	2	True	14.149494
O88322	O88322	GHCQLPIFHGLDDCQPVYQDDRPTGGYHELLSEK	33.0	3	True	14.149494
O88322	O88322	GHCQLPIFHGLDDCQPVYQDDRPTGGYHELLSEK	35.0625	4	True	14.149494
O88322	O88322	RGTGDPLTCELR	31.166666666666664	2	True	8.082234
O88322	O88322	RGTGDPLTCELR	33.0	3	True	8.082234
O88322	O88322	RGTGDPLTCELR	35.0625	4	True	8.082234
O88322	O88322	NEACEDVDSCQHGTGIFGPLCACSFSSGGHHICR	31.166666666666664	2	True	12.602304
O88322	O88322	NEACEDVDSCQHGTGIFGPLCACSFSSGGHHICR	33.0	3	True	12.602304
O88322	O88322	NEACEDVDSCQHGTGIFGPLCACSFSSGGHHICR	35.0625	4	True	12.602304
O88322	O88322	REALYFSLTNTEQSVK	31.166666666666664	2	False	12.862911
O88322	O88322	REALYFSLTNTEQSVK	33.0	3	False	12.862911
O88322	O88322	REALYFSLTNTEQSVK	35.0625	4	False	12.862911
O88322	O88322	ESLLEHYGGTPRDDQYVPQCDDLGHFIPLQCHGK	31.166666666666664	2	False	14.795858
O88322	O88322	ESLLEHYGGTPRDDQYVPQCDDLGHFIPLQCHGK	33.0	3	False	14.795858
O88322	O88322	ESLLEHYGGTPRDDQYVPQCDDLGHFIPLQCHGK	35.0625	4	False	14.795858
O88322	O88322	QGRPVGEGEVLDFR	31.166666666666664	2	False	10.515746
O88322	O88322	QGRPVGEGEVLDFR	33.0	3	False	10.515746
O88322	O88322	QGRPVGEGEVLDFR	35.0625	4	False	10.515746
O88322	O88322	M(ox)VYWTDVAGRTISRASLEAGAEPETIITSGLISPEGLAIDHFR	31.166666666666664	2	False	21.378841
O88322	O88322	M(ox)VYWTDVAGRTISRASLEAGAEPETIITSGLISPEGLAIDHFR	33.0	3	False	21.378841
O88322	O88322	M(ox)VYWTDVAGRTISRASLEAGAEPETIITSGLISPEGLAIDHFR	35.0625	4	False	21.378841
O88322	O88322	VLFHTDLVNPRAITVDPIRGNLYWTDWNR	31.166666666666664	2	False	18.666252
O88322	O88322	VLFHTDLVNPRAITVDPIRGNLYWTDWNR	33.0	3	False	18.666252
O88322	O88322	VLFHTDLVNPRAITVDPIRGNLYWTDWNR	35.0625	4	False	18.666252
O88322	O88322	CAQYTINQDIHYSWTQNISGSTLSFSRSSSSTVVSDR	31.166666666666664	2	True	15.548778
O88322	O88322	CAQYTINQDIHYSWTQNISGSTLSFSRSSSSTVVSDR	33.0	3	True	15.548778
O88322	O88322	CAQYTINQDIHYSWTQNISGSTLSFSRSSSSTVVSDR	35.0625	4	True	15.548778
O88322	O88322	HAPRHLAIPATQQLTVDRAFALYSEDEGVLR	31.166666666666664	2	False	16.223312
O88322	O88322	HAPRHLAIPATQQLTVDRAFALYSEDEGVLR	33.0	3	False	16.223312
O88322	O88322	HAPRHLAIPATQQLTVDRAFALYSEDEGVLR	35.0625	4	False	16.223312
O88322	O88322	KTGADAWCLLK	31.166666666666664	2	True	11.877597
O88322	O88322	KTGADAWCLLK	33.0	3	True	11.877597
O88322	O88322	KTGADAWCLLK	35.0625	4	True	11.877597
O88322	O88322	HAPRHLAIPATQQLTVDR	31.166666666666664	2	False	8.217373
O88322	O88322	HAPRHLAIPATQQLTVDR	33.0	3	False	8.217373
O88322	O88322	HAPRHLAIPATQQLTVDR	35.0625	4	False	8.217373
O88322	O88322	M(ox)FRDPTAGWLTPPSPLSLLVM(ox)LLLLSR	31.166666666666664	2	False	27.070457
O88322	O88322	M(ox)FRDPTAGWLTPPSPLSLLVM(ox)LLLLSR	33.0	3	False	27.070457
O88322	O88322	M(ox)FRDPTAGWLTPPSPLSLLVM(ox)LLLLSR	35.0625	4	False	27.070457
O88322	O88322	RFHDIALGEPSILGSTIITEPEAGAELSARSITR	31.166666666666664	2	True	17.61087
O88322	O88322	RFHDIALGEPSILGSTIITEPEAGAELSARSITR	33.0	3	True	17.61087
O88322	O88322	RFHDIALGEPSILGSTIITEPEAGAELSARSITR	35.0625	4	True	17.61087
O88322	O88322	TQPDLSASETERYSPWNGPAPYPWPSAK	31.166666666666664	2	True	15.543547
O88322	O88322	TQPDLSASETERYSPWNGPAPYPWPSAK	33.0	3	True	15.543547
O88322	O88322	TQPDLSASETERYSPWNGPAPYPWPSAK	35.0625	4	True	15.543547
O88322	O88322	RGTPCYPYVATIGYLHSRQEPLFEDTFQGSDK	31.166666666666664	2	True	16.131054
O88322	O88322	RGTPCYPYVATIGYLHSRQEPLFEDTFQGSDK	33.0	3	True	16.131054
O88322	O88322	RGTPCYPYVATIGYLHSRQEPLFEDTFQGSDK	35.0625	4	True	16.131054
O88322	O88322	IDVSFNSKADPGLVDVGTSSPGSDRASPWPYPAPGNWPSYR	31.166666666666664	2	False	18.437754
O88322	O88322	IDVSFNSKADPGLVDVGTSSPGSDRASPWPYPAPGNWPSYR	33.0	3	False	18.437754
O88322	O88322	IDVSFNSKADPGLVDVGTSSPGSDRASPWPYPAPGNWPSYR	35.0625	4	False	18.437754
O88322	O88322	GAVDTWYVMRER	31.166666666666664	2	True	11.335347
O88322	O88322	GAVDTWYVMRER	33.0	3	True	11.335347
O88322	O88322	GAVDTWYVMRER	35.0625	4	True	11.335347
O88322	O88322	LDDAEGK	31.166666666666664	2	True	1.5090845
O88322	O88322	LDDAEGK	33.0	3	True	1.5090845
O88322	O88322	LDDAEGK	35.0625	4	True	1.5090845
O88322	O88322	CSQHAFCTDYTTGFCCHCQSRFYGNGK	31.166666666666664	2	False	9.033526
O88322	O88322	CSQHAFCTDYTTGFCCHCQSRFYGNGK	33.0	3	False	9.033526
O88322	O88322	CSQHAFCTDYTTGFCCHCQSRFYGNGK	35.0625	4	False	9.033526
O88322	O88322	DGVISVNKDSGQFTDEFLPEQR	31.166666666666664	2	False	15.118472
O88322	O88322	DGVISVNKDSGQFTDEFLPEQR	33.0	3	False	15.118472
O88322	O88322	DGVISVNKDSGQFTDEFLPEQR	35.0625	4	False	15.118472
O88322	O88322	GTGDPLTCELKR	31.166666666666664	2	True	8.006844
O88322	O88322	GTGDPLTCELKR	33.0	3	True	8.006844
O88322	O88322	GTGDPLTCELKR	35.0625	4	True	8.006844
O88322	O88322	DVCWCFGTSGHCQLPVFNGQDDCQPIHIR	31.166666666666664	2	True	16.428211
O88322	O88322	DVCWCFGTSGHCQLPVFNGQDDCQPIHIR	33.0	3	True	16.428211
O88322	O88322	DVCWCFGTSGHCQLPVFNGQDDCQPIHIR	35.0625	4	True	16.428211
O88322	O88322	DGVISVNK	31.166666666666664	2	False	5.6717596
O88322	O88322	DGVISVNK	33.0	3	False	5.6717596
O88322	O88322	DGVISVNK	35.0625	4	False	5.6717596
O88322	O88322	HPAGEPLCHKGNGYFR	31.166666666666664	2	True	4.2009425
O88322	O88322	HPAGEPLCHKGNGYFR	33.0	3	True	4.2009425
O88322	O88322	HPAGEPLCHKGNGYFR	35.0625	4	True	4.2009425
O88322	O88322	LECTLPDGTGRRVIQNHLNYPFSIVSYADHFYHTDWR	31.166666666666664	2	False	19.068233
O88322	O88322	LECTLPDGTGRRVIQNHLNYPFSIVSYADHFYHTDWR	33.0	3	False	19.068233
O88322	O88322	LECTLPDGTGRRVIQNHLNYPFSIVSYADHFYHTDWR	35.0625	4	False	19.068233
O88322	O88322	RNEGDLSSTEIKPAER	31.166666666666664	2	True	4.866514
O88322	O88322	RNEGDLSSTEIKPAER	33.0	3	True	4.866514
O88322	O88322	RNEGDLSSTEIKPAER	35.0625	4	True	4.866514
O88322	O88322	GAVDTWYVM(ox)R	31.166666666666664	2	True	10.668
O88322	O88322	GAVDTWYVM(ox)R	33.0	3	True	10.668
O88322	O88322	GAVDTWYVM(ox)R	35.0625	4	True	10.668
O88322	O88322	ESLLEHYGGTPR	31.166666666666664	2	False	8.744694
O88322	O88322	ESLLEHYGGTPR	33.0	3	False	8.744694
O88322	O88322	ESLLEHYGGTPR	35.0625	4	False	8.744694
O88322	O88322	DDQYVPQCDDLGHFIPLQCHGK	31.166666666666664	2	False	14.810007
O88322	O88322	DDQYVPQCDDLGHFIPLQCHGK	33.0	3	False	14.810007
O88322	O88322	DDQYVPQCDDLGHFIPLQCHGK	35.0625	4	False	14.810007
O88322	O88322	HCLPEGAPHRVNGK	31.166666666666664	2	False	2.1073287
O88322	O88322	HCLPEGAPHRVNGK	33.0	3	False	2.1073287
O88322	O88322	HCLPEGAPHRVNGK	35.0625	4	False	2.1073287
O88322	O88322	VYRAALSLVAGSTDERYLIR	31.166666666666664	2	True	14.207163
O88322	O88322	VYRAALSLVAGSTDERYLIR	33.0	3	True	14.207163
O88322	O88322	VYRAALSLVAGSTDERYLIR	35.0625	4	True	14.207163
O88322	O88322	GHCQLPIFHGLDDCQPVYQDDK	31.166666666666664	2	True	13.107193
O88322	O88322	GHCQLPIFHGLDDCQPVYQDDK	33.0	3	True	13.107193
O88322	O88322	GHCQLPIFHGLDDCQPVYQDDK	35.0625	4	True	13.107193
O88322	O88322	LVGEDESYLAFAR	31.166666666666664	2	True	14.788082
O88322	O88322	LVGEDESYLAFAR	33.0	3	True	14.788082
O88322	O88322	LVGEDESYLAFAR	35.0625	4	True	14.788082
O88322	O88322	GSVKGNVR	31.166666666666664	2	True	1.3446195
O88322	O88322	GSVKGNVR	33.0	3	True	1.3446195
O88322	O88322	GSVKGNVR	35.0625	4	True	1.3446195
O88322	O88322	NILIRRNEGDLSSTEIK	31.166666666666664	2	True	8.236423
O88322	O88322	NILIRRNEGDLSSTEIK	33.0	3	True	8.236423
O88322	O88322	NILIRRNEGDLSSTEIK	35.0625	4	True	8.236423
O88322	O88322	SITRGAVDTWYVM(ox)R	31.166666666666664	2	True	10.222153
O88322	O88322	SITRGAVDTWYVM(ox)R	33.0	3	True	10.222153
O88322	O88322	SITRGAVDTWYVM(ox)R	35.0625	4	True	10.222153
O88322	O88322	EAPKIETSSLDGENR	31.166666666666664	2	False	6.719
O88322	O88322	EAPKIETSSLDGENR	33.0	3	False	6.719
O88322	O88322	EAPKIETSSLDGENR	35.0625	4	False	6.719
O88322	O88322	SGYEFADDQHTCILIAPPPNPCLDGSHTCAPEGQAR	31.166666666666664	2	False	13.941178
O88322	O88322	SGYEFADDQHTCILIAPPPNPCLDGSHTCAPEGQAR	33.0	3	False	13.941178
O88322	O88322	SGYEFADDQHTCILIAPPPNPCLDGSHTCAPEGQAR	35.0625	4	False	13.941178
O88322	O88322	KVLFHTDLVNPR	31.166666666666664	2	False	8.9904
O88322	O88322	KVLFHTDLVNPR	33.0	3	False	8.9904
O88322	O88322	KVLFHTDLVNPR	35.0625	4	False	8.9904
O88322	O88322	HLAIPATQQLTVDRAFALYSEDEGVLR	31.166666666666664	2	False	18.593266
O88322	O88322	HLAIPATQQLTVDRAFALYSEDEGVLR	33.0	3	False	18.593266
O88322	O88322	HLAIPATQQLTVDRAFALYSEDEGVLR	35.0625	4	False	18.593266
O88322	O88322	TGMQDLLEAPDRFDLVEGEGVPRGQKTQPDLSASETER	31.166666666666664	2	True	15.705198
O88322	O88322	TGMQDLLEAPDRFDLVEGEGVPRGQKTQPDLSASETER	33.0	3	True	15.705198
O88322	O88322	TGMQDLLEAPDRFDLVEGEGVPRGQKTQPDLSASETER	35.0625	4	True	15.705198
O88322	O88322	SVEEYAGVHEWTALFAHTPTFSSGSLPFGTRVYR	31.166666666666664	2	True	19.880741
O88322	O88322	SVEEYAGVHEWTALFAHTPTFSSGSLPFGTRVYR	33.0	3	True	19.880741
O88322	O88322	SVEEYAGVHEWTALFAHTPTFSSGSLPFGTRVYR	35.0625	4	True	19.880741
O88322	O88322	TVCERWRESLLEHYGGTPR	31.166666666666664	2	False	10.85061
O88322	O88322	TVCERWRESLLEHYGGTPR	33.0	3	False	10.85061
O88322	O88322	TVCERWRESLLEHYGGTPR	35.0625	4	False	10.85061
O88322	O88322	QQYECPKLGSISDEPVTDSTCHFGDGR	31.166666666666664	2	True	10.907429
O88322	O88322	QQYECPKLGSISDEPVTDSTCHFGDGR	33.0	3	True	10.907429
O88322	O88322	QQYECPKLGSISDEPVTDSTCHFGDGR	35.0625	4	True	10.907429
O88322	O88322	RGTGDPLTCELKR	31.166666666666664	2	True	6.43499
O88322	O88322	RGTGDPLTCELKR	33.0	3	True	6.43499
O88322	O88322	RGTGDPLTCELKR	35.0625	4	True	6.43499
O88322	O88322	SQCHCCFGTTYDTCFAHQSCR	31.166666666666664	2	True	7.9902506
O88322	O88322	SQCHCCFGTTYDTCFAHQSCR	33.0	3	True	7.9902506
O88322	O88322	SQCHCCFGTTYDTCFAHQSCR	35.0625	4	True	7.9902506
O88322	O88322	TGM(ox)QDLLEAPDR	31.166666666666664	2	True	8.746894
O88322	O88322	TGM(ox)QDLLEAPDR	33.0	3	True	8.746894
O88322	O88322	TGM(ox)QDLLEAPDR	35.0625	4	True	8.746894
O88322	O88322	DPAELLDQMGTRAPAPPEADAALLTPVNEDLGGR	31.166666666666664	2	False	20.465717
O88322	O88322	DPAELLDQMGTRAPAPPEADAALLTPVNEDLGGR	33.0	3	False	20.465717
O88322	O88322	DPAELLDQMGTRAPAPPEADAALLTPVNEDLGGR	35.0625	4	False	20.465717
O88322	O88322	CDYDIGVVISGHLSLLTR	31.166666666666664	2	True	20.203608
O88322	O88322	CDYDIGVVISGHLSLLTR	33.0	3	True	20.203608
O88322	O88322	CDYDIGVVISGHLSLLTR	35.0625	4	True	20.203608
O88322	O88322	CQPGYRGDGFHCTSDTVPEDSISGLKPCEYQQR	31.166666666666664	2	False	10.021501
O88322	O88322	CQPGYRGDGFHCTSDTVPEDSISGLKPCEYQQR	33.0	3	False	10.021501
O88322	O88322	CQPGYRGDGFHCTSDTVPEDSISGLKPCEYQQR	35.0625	4	False	10.021501
O88322	O88322	LECTLPDGTGRR	31.166666666666664	2	False	5.4629307
O88322	O88322	LECTLPDGTGRR	33.0	3	False	5.4629307
O88322	O88322	LECTLPDGTGRR	35.0625	4	False	5.4629307
O88322	O88322	RESGDLEAREIK	31.166666666666664	2	True	3.680565
O88322	O88322	RESGDLEAREIK	33.0	3	True	3.680565
O88322	O88322	RESGDLEAREIK	35.0625	4	True	3.680565
O88322	O88322	GTPCYPYVATIGYLHSRQEPLFEDTFQGSDKNVSIVGDR	31.166666666666664	2	True	17.576221
O88322	O88322	GTPCYPYVATIGYLHSRQEPLFEDTFQGSDKNVSIVGDR	33.0	3	True	17.576221
O88322	O88322	GTPCYPYVATIGYLHSRQEPLFEDTFQGSDKNVSIVGDR	35.0625	4	True	17.576221
O88322	O88322	GGLDENVPTLLAADAEPPAPAR	31.166666666666664	2	True	16.603199
O88322	O88322	GGLDENVPTLLAADAEPPAPAR	33.0	3	True	16.603199
O88322	O88322	GGLDENVPTLLAADAEPPAPAR	35.0625	4	True	16.603199
O88322	O88322	CGPNSVCVNLVGSYRCECR	31.166666666666664	2	False	10.662068
O88322	O88322	CGPNSVCVNLVGSYRCECR	33.0	3	False	10.662068
O88322	O88322	CGPNSVCVNLVGSYRCECR	35.0625	4	False	10.662068
O88322	O88322	DSVVTSSSSRSFSLTSGSINQTWSYHIDQNITYQACRHAPR	31.166666666666664	2	False	14.261513
O88322	O88322	DSVVTSSSSRSFSLTSGSINQTWSYHIDQNITYQACRHAPR	33.0	3	False	14.261513
O88322	O88322	DSVVTSSSSRSFSLTSGSINQTWSYHIDQNITYQACRHAPR	35.0625	4	False	14.261513
O88322	O88322	ETQYVDDDFPTDFPAIAPFLADIDTSHSR	31.166666666666664	2	False	23.724617
O88322	O88322	ETQYVDDDFPTDFPAIAPFLADIDTSHSR	33.0	3	False	23.724617
O88322	O88322	ETQYVDDDFPTDFPAIAPFLADIDTSHSR	35.0625	4	False	23.724617
O88322	O88322	FHDIALGEPSILGSTIITEPEAGAELSAR	31.166666666666664	2	True	19.28868
O88322	O88322	FHDIALGEPSILGSTIITEPEAGAELSAR	33.0	3	True	19.28868
O88322	O88322	FHDIALGEPSILGSTIITEPEAGAELSAR	35.0625	4	True	19.28868
O88322	O88322	HFGTACENVDVCSRGDGQFGPTCECTYDVGTGPHCR	31.166666666666664	2	True	9.773565
O88322	O88322	HFGTACENVDVCSRGDGQFGPTCECTYDVGTGPHCR	33.0	3	True	9.773565
O88322	O88322	HFGTACENVDVCSRGDGQFGPTCECTYDVGTGPHCR	35.0625	4	True	9.773565
O88322	O88322	LPIALKVAASSEDDGEPLLQDGWSEGYPFLEDPRLAGVR	31.166666666666664	2	True	21.340267
O88322	O88322	LPIALKVAASSEDDGEPLLQDGWSEGYPFLEDPRLAGVR	33.0	3	True	21.340267
O88322	O88322	LPIALKVAASSEDDGEPLLQDGWSEGYPFLEDPRLAGVR	35.0625	4	True	21.340267
O88322	O88322	GGLDENVPTLLAADAEPPAPARTGM(ox)QDLLEAPDR	31.166666666666664	2	True	17.148653
O88322	O88322	GGLDENVPTLLAADAEPPAPARTGM(ox)QDLLEAPDR	33.0	3	True	17.148653
O88322	O88322	GGLDENVPTLLAADAEPPAPARTGM(ox)QDLLEAPDR	35.0625	4	True	17.148653
O88322	O88322	PTGGYHELLSERWRECVTR	31.166666666666664	2	True	10.003044
O88322	O88322	PTGGYHELLSERWRECVTR	33.0	3	True	10.003044
O88322	O88322	PTGGYHELLSERWRECVTR	35.0625	4	True	10.003044
O88322	O88322	RESGDLEAK	31.166666666666664	2	True	1.903008
O88322	O88322	RESGDLEAK	33.0	3	True	1.903008
O88322	O88322	RESGDLEAK	35.0625	4	True	1.903008
O88322	O88322	YSPWNGPAPYPWPSARDSGPSSTGVDVLGPDAR	31.166666666666664	2	True	17.202753
O88322	O88322	YSPWNGPAPYPWPSARDSGPSSTGVDVLGPDAR	33.0	3	True	17.202753
O88322	O88322	YSPWNGPAPYPWPSARDSGPSSTGVDVLGPDAR	35.0625	4	True	17.202753
O88322	O88322	YAQTQHAYPGSR	31.166666666666664	2	False	2.6840353
O88322	O88322	YAQTQHAYPGSR	33.0	3	False	2.6840353
O88322	O88322	YAQTQHAYPGSR	35.0625	4	False	2.6840353
O88322	O88322	YSGVLNVCVSNPGCRHFGTACENVDVCSR	31.166666666666664	2	True	11.348806
O88322	O88322	YSGVLNVCVSNPGCRHFGTACENVDVCSR	33.0	3	True	11.348806
O88322	O88322	YSGVLNVCVSNPGCRHFGTACENVDVCSR	35.0625	4	True	11.348806
O88322	O88322	GNLYWTDWNR	31.166666666666664	2	False	14.940301
O88322	O88322	GNLYWTDWNR	33.0	3	False	14.940301
O88322	O88322	GNLYWTDWNR	35.0625	4	False	14.940301
O88322	O88322	LRVGHIPVHFTDVDLHAYIVGNDGR	31.166666666666664	2	False	14.854307
O88322	O88322	LRVGHIPVHFTDVDLHAYIVGNDGR	33.0	3	False	14.854307
O88322	O88322	LRVGHIPVHFTDVDLHAYIVGNDGR	35.0625	4	False	14.854307
O88322	O88322	GDNGVIYAHLDVDTFHVPIHGVR	31.166666666666664	2	True	15.303915
O88322	O88322	GDNGVIYAHLDVDTFHVPIHGVR	33.0	3	True	15.303915
O88322	O88322	GDNGVIYAHLDVDTFHVPIHGVR	35.0625	4	True	15.303915
O88322	O88322	PAERNWDTWYLNGRIPDVTIAK	31.166666666666664	2	True	15.954443
O88322	O88322	PAERNWDTWYLNGRIPDVTIAK	33.0	3	True	15.954443
O88322	O88322	PAERNWDTWYLNGRIPDVTIAK	35.0625	4	True	15.954443
O88322	O88322	CQPGYR	31.166666666666664	2	False	2.105085
O88322	O88322	CQPGYR	33.0	3	False	2.105085
O88322	O88322	CQPGYR	35.0625	4	False	2.105085
O88322	O88322	PAHRCAQYTINQDIHYSWTQNISGSTLSFSRSSSSTVVSDR	31.166666666666664	2	True	13.676552
O88322	O88322	PAHRCAQYTINQDIHYSWTQNISGSTLSFSRSSSSTVVSDR	33.0	3	True	13.676552
O88322	O88322	PAHRCAQYTINQDIHYSWTQNISGSTLSFSRSSSSTVVSDR	35.0625	4	True	13.676552
O88322	O88322	EFYHYRDSVVTSSSSRSFSLTSGSINQTWSYHIDQNITYQACR	31.166666666666664	2	False	15.527369
O88322	O88322	EFYHYRDSVVTSSSSRSFSLTSGSINQTWSYHIDQNITYQACR	33.0	3	False	15.527369
O88322	O88322	EFYHYRDSVVTSSSSRSFSLTSGSINQTWSYHIDQNITYQACR	35.0625	4	False	15.527369
O88322	O88322	YPTIHATFNAPIFPVQGEINTKISLYNEPDLGEATQTIK	31.166666666666664	2	True	19.80626
O88322	O88322	YPTIHATFNAPIFPVQGEINTKISLYNEPDLGEATQTIK	33.0	3	True	19.80626
O88322	O88322	YPTIHATFNAPIFPVQGEINTKISLYNEPDLGEATQTIK	35.0625	4	True	19.80626
O88322	O88322	DVTLQQTAPIALHRPAHR	31.166666666666664	2	True	8.353141
O88322	O88322	DVTLQQTAPIALHRPAHR	33.0	3	True	8.353141
O88322	O88322	DVTLQQTAPIALHRPAHR	35.0625	4	True	8.353141
O88322	O88322	ISLYNEPDLGEATQTIRVK	31.166666666666664	2	True	14.207567
O88322	O88322	ISLYNEPDLGEATQTIRVK	33.0	3	True	14.207567
O88322	O88322	ISLYNEPDLGEATQTIRVK	35.0625	4	True	14.207567
O88322	O88322	VSGRLR	31.166666666666664	2	False	2.0337355
O88322	O88322	VSGRLR	33.0	3	False	2.0337355
O88322	O88322	VSGRLR	35.0625	4	False	2.0337355
O88322	O88322	EDTSGAVLSLAARYVR	31.166666666666664	2	False	16.407537
O88322	O88322	EDTSGAVLSLAARYVR	33.0	3	False	16.407537
O88322	O88322	EDTSGAVLSLAARYVR	35.0625	4	False	16.407537
O88322	O88322	ETESASLDPQTK	31.166666666666664	2	False	4.870057
O88322	O88322	ETESASLDPQTK	33.0	3	False	4.870057
O88322	O88322	ETESASLDPQTK	35.0625	4	False	4.870057
O88322	O88322	MFRDPTAGWLTPPSPLSLLVMLLLLSR	31.166666666666664	2	False	27.301998
O88322	O88322	MFRDPTAGWLTPPSPLSLLVMLLLLSR	33.0	3	False	27.301998
O88322	O88322	MFRDPTAGWLTPPSPLSLLVMLLLLSR	35.0625	4	False	27.301998
O88322	O88322	DLGSDTWYMTRK	31.166666666666664	2	True	11.224655
O88322	O88322	DLGSDTWYMTRK	33.0	3	True	11.224655
O88322	O88322	DLGSDTWYMTRK	35.0625	4	True	11.224655
O88322	O88322	SFSLTSGSINQTWSYHIDQNITYQACRHAPR	31.166666666666664	2	False	13.742258
O88322	O88322	SFSLTSGSINQTWSYHIDQNITYQACRHAPR	33.0	3	False	13.742258
O88322	O88322	SFSLTSGSINQTWSYHIDQNITYQACRHAPR	35.0625	4	False	13.742258
O88322	O88322	RTM(ox)YWTDSGLDKIER	31.166666666666664	2	False	9.620677
O88322	O88322	RTM(ox)YWTDSGLDKIER	33.0	3	False	9.620677
O88322	O88322	RTM(ox)YWTDSGLDKIER	35.0625	4	False	9.620677
O88322	O88322	ASLEAGAEPETIITSGLISPEGLAIDHFRR	31.166666666666664	2	False	18.84828
O88322	O88322	ASLEAGAEPETIITSGLISPEGLAIDHFRR	33.0	3	False	18.84828
O88322	O88322	ASLEAGAEPETIITSGLISPEGLAIDHFRR	35.0625	4	False	18.84828
O88322	O88322	SGIHFAWVGPIGLNSLQYLNKVSQETNTLSFYLAERR	31.166666666666664	2	True	23.153584
O88322	O88322	SGIHFAWVGPIGLNSLQYLNKVSQETNTLSFYLAERR	33.0	3	True	23.153584
O88322	O88322	SGIHFAWVGPIGLNSLQYLNKVSQETNTLSFYLAERR	35.0625	4	True	23.153584
O88322	O88322	KLDDAEGR	31.166666666666664	2	True	1.6252238
O88322	O88322	KLDDAEGR	33.0	3	True	1.6252238
O88322	O88322	KLDDAEGR	35.0625	4	True	1.6252238
O88322	O88322	CECRYSGVLNVCVSNPGCR	31.166666666666664	2	True	10.790182
O88322	O88322	CECRYSGVLNVCVSNPGCR	33.0	3	True	10.790182
O88322	O88322	CECRYSGVLNVCVSNPGCR	35.0625	4	True	10.790182
O88322	O88322	GEADDLK	31.166666666666664	2	False	2.7461102
O88322	O88322	GEADDLK	33.0	3	False	2.7461102
O88322	O88322	GEADDLK	35.0625	4	False	2.7461102
O88322	O88322	SSSSTVVSDRYHYFER	31.166666666666664	2	True	8.154485
O88322	O88322	SSSSTVVSDRYHYFER	33.0	3	True	8.154485
O88322	O88322	SSSSTVVSDRYHYFER	35.0625	4	True	8.154485
O88322	O88322	TGADAWCLLK	31.166666666666664	2	True	14.850598
O88322	O88322	TGADAWCLLK	33.0	3	True	14.850598
O88322	O88322	TGADAWCLLK	35.0625	4	True	14.850598
O88322	O88322	ETESASLDPQTKQGRPVGEGEVLDFRDPAELLDQM(ox)GTR	31.166666666666664	2	False	15.97301
O88322	O88322	ETESASLDPQTKQGRPVGEGEVLDFRDPAELLDQM(ox)GTR	33.0	3	False	15.97301
O88322	O88322	ETESASLDPQTKQGRPVGEGEVLDFRDPAELLDQM(ox)GTR	35.0625	4	False	15.97301
O88322	O88322	TLLSLHGSIVVGIDYDCRERMVYWTDVAGR	31.166666666666664	2	False	17.883343
O88322	O88322	TLLSLHGSIVVGIDYDCRERMVYWTDVAGR	33.0	3	False	17.883343
O88322	O88322	TLLSLHGSIVVGIDYDCRERMVYWTDVAGR	35.0625	4	False	17.883343
O88322	O88322	WRESLLEHYGGTPR	31.166666666666664	2	False	9.5797615
O88322	O88322	WRESLLEHYGGTPR	33.0	3	False	9.5797615
O88322	O88322	WRESLLEHYGGTPR	35.0625	4	False	9.5797615
O88322	O88322	GTGDPLTCELR	31.166666666666664	2	True	10.04545
O88322	O88322	GTGDPLTCELR	33.0	3	True	10.04545
O88322	O88322	GTGDPLTCELR	35.0625	4	True	10.04545
O88322	O88322	RILINKDIGLPNGLTFDPFSK	31.166666666666664	2	False	18.161312
O88322	O88322	RILINKDIGLPNGLTFDPFSK	33.0	3	False	18.161312
O88322	O88322	RILINKDIGLPNGLTFDPFSK	35.0625	4	False	18.161312
O88322	O88322	IPDVTIAR	31.166666666666664	2	True	9.532829
O88322	O88322	IPDVTIAR	33.0	3	True	9.532829
O88322	O88322	IPDVTIAR	35.0625	4	True	9.532829
O88322	O88322	SSSSTVVSDR	31.166666666666664	2	True	2.5966938
O88322	O88322	SSSSTVVSDR	33.0	3	True	2.5966938
O88322	O88322	SSSSTVVSDR	35.0625	4	True	2.5966938
O88322	O88322	CSQHAFCTDYTTGFCCHCQSR	31.166666666666664	2	False	8.162367
O88322	O88322	CSQHAFCTDYTTGFCCHCQSR	33.0	3	False	8.162367
O88322	O88322	CSQHAFCTDYTTGFCCHCQSR	35.0625	4	False	8.162367
O88322	O88322	SITRGAVDTWYVMRER	31.166666666666664	2	True	11.1397085
O88322	O88322	SITRGAVDTWYVMRER	33.0	3	True	11.1397085
O88322	O88322	SITRGAVDTWYVMRER	35.0625	4	True	11.1397085
O88322	O88322	CHPGTGVDYTCECTPGFQGDGRSCVDVNECATGFHR	31.166666666666664	2	False	9.988101
O88322	O88322	CHPGTGVDYTCECTPGFQGDGRSCVDVNECATGFHR	33.0	3	False	9.988101
O88322	O88322	CHPGTGVDYTCECTPGFQGDGRSCVDVNECATGFHR	35.0625	4	False	9.988101
O88322	O88322	GHCQLPIFHGLDDCQPVYQDDRPTGGYHELLSERWK	31.166666666666664	2	True	15.095916
O88322	O88322	GHCQLPIFHGLDDCQPVYQDDRPTGGYHELLSERWK	33.0	3	True	15.095916
O88322	O88322	GHCQLPIFHGLDDCQPVYQDDRPTGGYHELLSERWK	35.0625	4	True	15.095916
O88322	O88322	TQPDLSASETEK	31.166666666666664	2	True	4.839618
O88322	O88322	TQPDLSASETEK	33.0	3	True	4.839618
O88322	O88322	TQPDLSASETEK	35.0625	4	True	4.839618
O88322	O88322	NWDTWYLNGRIPDVTIAR	31.166666666666664	2	True	18.400734
O88322	O88322	NWDTWYLNGRIPDVTIAR	33.0	3	True	18.400734
O88322	O88322	NWDTWYLNGRIPDVTIAR	35.0625	4	True	18.400734
O88322	O88322	SCVDVNECATGFHRCGPNSVCVNLVGSYR	31.166666666666664	2	False	11.655918
O88322	O88322	SCVDVNECATGFHRCGPNSVCVNLVGSYR	33.0	3	False	11.655918
O88322	O88322	SCVDVNECATGFHRCGPNSVCVNLVGSYR	35.0625	4	False	11.655918
O88322	O88322	AALSLVAGSTDERYLIR	31.166666666666664	2	True	14.189024
O88322	O88322	AALSLVAGSTDERYLIR	33.0	3	True	14.189024
O88322	O88322	AALSLVAGSTDERYLIR	35.0625	4	True	14.189024
O88322	O88322	GNGYFK	31.166666666666664	2	True	4.53352
O88322	O88322	GNGYFK	33.0	3	True	4.53352
O88322	O88322	GNGYFK	35.0625	4	True	4.53352
O88322	O88322	EALYFSLTNTEQSVK	31.166666666666664	2	False	15.112426
O88322	O88322	EALYFSLTNTEQSVK	33.0	3	False	15.112426
O88322	O88322	EALYFSLTNTEQSVK	35.0625	4	False	15.112426
O88322	O88322	QGRPVGEGEVLDFRDPAELLDQMGTR	31.166666666666664	2	False	19.040674
O88322	O88322	QGRPVGEGEVLDFRDPAELLDQMGTR	33.0	3	False	19.040674
O88322	O88322	QGRPVGEGEVLDFRDPAELLDQMGTR	35.0625	4	False	19.040674
O88322	O88322	TGMQDLLEAPDRFDLVEGEGVPRGQR	31.166666666666664	2	True	16.69637
O88322	O88322	TGMQDLLEAPDRFDLVEGEGVPRGQR	33.0	3	True	16.69637
O88322	O88322	TGMQDLLEAPDRFDLVEGEGVPRGQR	35.0625	4	True	16.69637
O88322	O88322	YVIGLEDHVGSNDQVFTYNGANLETCEHSHGR	31.166666666666664	2	False	12.862569
O88322	O88322	YVIGLEDHVGSNDQVFTYNGANLETCEHSHGR	33.0	3	False	12.862569
O88322	O88322	YVIGLEDHVGSNDQVFTYNGANLETCEHSHGR	35.0625	4	False	12.862569
O88322	O88322	GAVDTWYVMR	31.166666666666664	2	True	13.824696
O88322	O88322	GAVDTWYVMR	33.0	3	True	13.824696
O88322	O88322	GAVDTWYVMR	35.0625	4	True	13.824696
O88322	O88322	GDGFHCTSDTVPEDSISGLKPCEYQQR	31.166666666666664	2	False	10.394443
O88322	O88322	GDGFHCTSDTVPEDSISGLKPCEYQQR	33.0	3	False	10.394443
O88322	O88322	GDGFHCTSDTVPEDSISGLKPCEYQQR	35.0625	4	False	10.394443
O88322	O88322	GNLYWTDWNREAPK	31.166666666666664	2	False	12.804098
O88322	O88322	GNLYWTDWNREAPK	33.0	3	False	12.804098
O88322	O88322	GNLYWTDWNREAPK	35.0625	4	False	12.804098
O88322	O88322	DIGLPNGLTFDPFSK	31.166666666666664	2	False	21.124104
O88322	O88322	DIGLPNGLTFDPFSK	33.0	3	False	21.124104
O88322	O88322	DIGLPNGLTFDPFSK	35.0625	4	False	21.124104
O88322	O88322	YHYFEKYPTIHATFNAPIFPVQGEINTKISLYNEPDLGEATQTIR	31.166666666666664	2	True	18.686409
O88322	O88322	YHYFEKYPTIHATFNAPIFPVQGEINTKISLYNEPDLGEATQTIR	33.0	3	True	18.686409
O88322	O88322	YHYFEKYPTIHATFNAPIFPVQGEINTKISLYNEPDLGEATQTIR	35.0625	4	True	18.686409
O88322	O88322	PFDQTSIIGNTGVYLSSFQADYFRLPIALR	31.166666666666664	2	True	23.801954
O88322	O88322	PFDQTSIIGNTGVYLSSFQADYFRLPIALR	33.0	3	True	23.801954
O88322	O88322	PFDQTSIIGNTGVYLSSFQADYFRLPIALR	35.0625	4	True	23.801954
O88322	O88322	PRTGFFQLGNAPYLFLAYTDSEDSALVAQFTNLEGSPAAGK	31.166666666666664	2	True	24.857038
O88322	O88322	PRTGFFQLGNAPYLFLAYTDSEDSALVAQFTNLEGSPAAGK	33.0	3	True	24.857038
O88322	O88322	PRTGFFQLGNAPYLFLAYTDSEDSALVAQFTNLEGSPAAGK	35.0625	4	True	24.857038
