experiment	dataset	lib_family	instrument	lib_variant	combine_traces	isotopes	huber_override	huber_delta	mbr	params_path	results_path
MtacThreeProteomeAlternating	MtacThreeProteomeAlternating	3P	MTACAstral	Standard	false	2	false		true	json/MtacThreeProteomeAlternating/MtacThreeProteomeAlternating__3P_MTACAstral__Standard__SeparateTraces.json	C:\Users\n.t.wamsley\Documents\PIONEER_PAPER\MtacThreeProteomeAlternating\MtacThreeProteomeAlternating_Standard_SeparateTraces
MtacThreeProteomeAlternating	MtacThreeProteomeAlternating	3P	MTACAstral	ARAB	true	2	false		true	json/MtacThreeProteomeAlternating/MtacThreeProteomeAlternating__3P_MTACAstral__ARAB.json	C:\Users\n.t.wamsley\Documents\PIONEER_PAPER\MtacThreeProteomeAlternating\MtacThreeProteomeAlternating_ARAB
MtacThreeProteomeAlternating	MtacThreeProteomeAlternating	3P	MTACAstral	EntrapR1	true	2	false		true	json/MtacThreeProteomeAlternating/MtacThreeProteomeAlternating__3P_MTACAstral__EntrapR1.json	C:\Users\n.t.wamsley\Documents\PIONEER_PAPER\MtacThreeProteomeAlternating\MtacThreeProteomeAlternating_EntrapR1
MtacThreeProteomeAlternating	MtacThreeProteomeAlternating	3P	MTACAstral	EntrapR2	true	2	false		true	json/MtacThreeProteomeAlternating/MtacThreeProteomeAlternating__3P_MTACAstral__EntrapR2.json	C:\Users\n.t.wamsley\Documents\PIONEER_PAPER\MtacThreeProteomeAlternating\MtacThreeProteomeAlternating_EntrapR2
MtacThreeProteomeAlternating	MtacThreeProteomeAlternating	3P	MTACAstral	EntrapR3	true	2	false		true	json/MtacThreeProteomeAlternating/MtacThreeProteomeAlternating__3P_MTACAstral__EntrapR3.json	C:\Users\n.t.wamsley\Documents\PIONEER_PAPER\MtacThreeProteomeAlternating\MtacThreeProteomeAlternating_EntrapR3
MtacThreeProteomeAlternating	MtacThreeProteomeAlternating	3P	MTACAstral	Standard-Isotopes1	true	1	false		true	json/MtacThreeProteomeAlternating/MtacThreeProteomeAlternating__3P_MTACAstral__Standard__Isotopes1.json	C:\Users\n.t.wamsley\Documents\PIONEER_PAPER\MtacThreeProteomeAlternating\MtacThreeProteomeAlternating_Standard_Isotopes1
MtacThreeProteomeAlternating	MtacThreeProteomeAlternating	3P	MTACAstral	Standard-Isotopes3	true	3	false		true	json/MtacThreeProteomeAlternating/MtacThreeProteomeAlternating__3P_MTACAstral__Standard__Isotopes3.json	C:\Users\n.t.wamsley\Documents\PIONEER_PAPER\MtacThreeProteomeAlternating\MtacThreeProteomeAlternating_Standard_Isotopes3
MtacThreeProteomeAlternating	MtacThreeProteomeAlternating	3P	MTACAstral	Standard-Huber100	true	2	true	100	true	json/MtacThreeProteomeAlternating/MtacThreeProteomeAlternating__3P_MTACAstral__Standard__HuberDelta_100.json	C:\Users\n.t.wamsley\Documents\PIONEER_PAPER\MtacThreeProteomeAlternating\MtacThreeProteomeAlternating_Standard_Huber100
MtacThreeProteomeAlternating	MtacThreeProteomeAlternating	3P	MTACAstral	Standard-Huber500	true	2	true	500	true	json/MtacThreeProteomeAlternating/MtacThreeProteomeAlternating__3P_MTACAstral__Standard__HuberDelta_500.json	C:\Users\n.t.wamsley\Documents\PIONEER_PAPER\MtacThreeProteomeAlternating\MtacThreeProteomeAlternating_Standard_Huber500
MtacThreeProteomeAlternating	MtacThreeProteomeAlternating	3P	MTACAstral	Standard-Huber1500	true	2	true	1500	true	json/MtacThreeProteomeAlternating/MtacThreeProteomeAlternating__3P_MTACAstral__Standard__HuberDelta_1500.json	C:\Users\n.t.wamsley\Documents\PIONEER_PAPER\MtacThreeProteomeAlternating\MtacThreeProteomeAlternating_Standard_Huber1500
MtacThreeProteomeAlternating	MtacThreeProteomeAlternating	3P	MTACAstral	Standard-Huber5275	true	2	true	5275	true	json/MtacThreeProteomeAlternating/MtacThreeProteomeAlternating__3P_MTACAstral__Standard__HuberDelta_5275.json	C:\Users\n.t.wamsley\Documents\PIONEER_PAPER\MtacThreeProteomeAlternating\MtacThreeProteomeAlternating_Standard_Huber5275
MtacThreeProteomeAlternating	MtacThreeProteomeAlternating	3P	MTACAstral	Standard-Huber26375	true	2	true	26375	true	json/MtacThreeProteomeAlternating/MtacThreeProteomeAlternating__3P_MTACAstral__Standard__HuberDelta_26375.json	C:\Users\n.t.wamsley\Documents\PIONEER_PAPER\MtacThreeProteomeAlternating\MtacThreeProteomeAlternating_Standard_Huber26375
MtacThreeProteomeAlternating	MtacThreeProteomeAlternating	3P	MTACAstral	Standard-Huber1000000	true	2	true	1000000	true	json/MtacThreeProteomeAlternating/MtacThreeProteomeAlternating__3P_MTACAstral__Standard__HuberDelta_1000000.json	C:\Users\n.t.wamsley\Documents\PIONEER_PAPER\MtacThreeProteomeAlternating\MtacThreeProteomeAlternating_Standard_Huber1000000

MtacThreeProteomeStandard	MtacThreeProteomeStandard	3P	MTACAstral	Standard	false	2	false		true	json/MtacThreeProteomeStandard/MtacThreeProteomeStandard__3P_MTACAstral__Standard__SeparateTraces.json	C:\Users\n.t.wamsley\Documents\PIONEER_PAPER\MtacThreeProteomeStandard\MtacThreeProteomeStandard_Standard_SeparateTraces
MtacThreeProteomeStandard	MtacThreeProteomeStandard	3P	MTACAstral	ARAB	true	2	false		true	json/MtacThreeProteomeStandard/MtacThreeProteomeStandard__3P_MTACAstral__ARAB.json	C:\Users\n.t.wamsley\Documents\PIONEER_PAPER\MtacThreeProteomeStandard\MtacThreeProteomeStandard_ARAB
MtacThreeProteomeStandard	MtacThreeProteomeStandard	3P	MTACAstral	EntrapR1	true	2	false		true	json/MtacThreeProteomeStandard/MtacThreeProteomeStandard__3P_MTACAstral__EntrapR1.json	C:\Users\n.t.wamsley\Documents\PIONEER_PAPER\MtacThreeProteomeStandard\MtacThreeProteomeStandard_EntrapR1
MtacThreeProteomeStandard	MtacThreeProteomeStandard	3P	MTACAstral	EntrapR2	true	2	false		true	json/MtacThreeProteomeStandard/MtacThreeProteomeStandard__3P_MTACAstral__EntrapR2.json	C:\Users\n.t.wamsley\Documents\PIONEER_PAPER\MtacThreeProteomeStandard\MtacThreeProteomeStandard_EntrapR2
MtacThreeProteomeStandard	MtacThreeProteomeStandard	3P	MTACAstral	EntrapR3	true	2	false		true	json/MtacThreeProteomeStandard/MtacThreeProteomeStandard__3P_MTACAstral__EntrapR3.json	C:\Users\n.t.wamsley\Documents\PIONEER_PAPER\MtacThreeProteomeStandard\MtacThreeProteomeStandard_EntrapR3
MtacThreeProteomeStandard	MtacThreeProteomeStandard	3P	MTACAstral	Standard-Isotopes1	true	1	false		true	json/MtacThreeProteomeStandard/MtacThreeProteomeStandard__3P_MTACAstral__Standard__Isotopes1.json	C:\Users\n.t.wamsley\Documents\PIONEER_PAPER\MtacThreeProteomeStandard\MtacThreeProteomeStandard_Standard_Isotopes1
MtacThreeProteomeStandard	MtacThreeProteomeStandard	3P	MTACAstral	Standard-Isotopes3	true	3	false		true	json/MtacThreeProteomeStandard/MtacThreeProteomeStandard__3P_MTACAstral__Standard__Isotopes3.json	C:\Users\n.t.wamsley\Documents\PIONEER_PAPER\MtacThreeProteomeStandard\MtacThreeProteomeStandard_Standard_Isotopes3
MtacThreeProteomeStandard	MtacThreeProteomeStandard	3P	MTACAstral	Standard-Huber100	true	2	true	100	true	json/MtacThreeProteomeStandard/MtacThreeProteomeStandard__3P_MTACAstral__Standard__HuberDelta_100.json	C:\Users\n.t.wamsley\Documents\PIONEER_PAPER\MtacThreeProteomeStandard\MtacThreeProteomeStandard_Standard_Huber100
MtacThreeProteomeStandard	MtacThreeProteomeStandard	3P	MTACAstral	Standard-Huber500	true	2	true	500	true	json/MtacThreeProteomeStandard/MtacThreeProteomeStandard__3P_MTACAstral__Standard__HuberDelta_500.json	C:\Users\n.t.wamsley\Documents\PIONEER_PAPER\MtacThreeProteomeStandard\MtacThreeProteomeStandard_Standard_Huber500
MtacThreeProteomeStandard	MtacThreeProteomeStandard	3P	MTACAstral	Standard-Huber1500	true	2	true	1500	true	json/MtacThreeProteomeStandard/MtacThreeProteomeStandard__3P_MTACAstral__Standard__HuberDelta_1500.json	C:\Users\n.t.wamsley\Documents\PIONEER_PAPER\MtacThreeProteomeStandard\MtacThreeProteomeStandard_Standard_Huber1500
MtacThreeProteomeStandard	MtacThreeProteomeStandard	3P	MTACAstral	Standard-Huber5275	true	2	true	5275	true	json/MtacThreeProteomeStandard/MtacThreeProteomeStandard__3P_MTACAstral__Standard__HuberDelta_5275.json	C:\Users\n.t.wamsley\Documents\PIONEER_PAPER\MtacThreeProteomeStandard\MtacThreeProteomeStandard_Standard_Huber5275
MtacThreeProteomeStandard	MtacThreeProteomeStandard	3P	MTACAstral	Standard-Huber26375	true	2	true	26375	true	json/MtacThreeProteomeStandard/MtacThreeProteomeStandard__3P_MTACAstral__Standard__HuberDelta_26375.json	C:\Users\n.t.wamsley\Documents\PIONEER_PAPER\MtacThreeProteomeStandard\MtacThreeProteomeStandard_Standard_Huber26375
MtacThreeProteomeStandard	MtacThreeProteomeStandard	3P	MTACAstral	Standard-Huber1000000	true	2	true	1000000	true	json/MtacThreeProteomeStandard/MtacThreeProteomeStandard__3P_MTACAstral__Standard__HuberDelta_1000000.json	C:\Users\n.t.wamsley\Documents\PIONEER_PAPER\MtacThreeProteomeStandard\MtacThreeProteomeStandard_Standard_Huber1000000

MtacYeastAlternating3M	MtacYeastAlternating3M	Yeast	MTACAstral	Standard	false	2	false		true	json/MtacYeastAlternating3M/MtacYeastAlternating3M__Yeast_MTACAstral__Standard__SeparateTraces.json	C:\Users\n.t.wamsley\Documents\PIONEER_PAPER\MtacYeastAlternating3M\MtacYeastAlternating3M_Standard_SeparateTraces
MtacYeastAlternating3M	MtacYeastAlternating3M	Yeast	MTACAstral	ARAB	true	2	false		true	json/MtacYeastAlternating3M/MtacYeastAlternating3M__Yeast_MTACAstral__ARAB.json	C:\Users\n.t.wamsley\Documents\PIONEER_PAPER\MtacYeastAlternating3M\MtacYeastAlternating3M_ARAB
MtacYeastAlternating3M	MtacYeastAlternating3M	Yeast	MTACAstral	EntrapR1	true	2	false		true	json/MtacYeastAlternating3M/MtacYeastAlternating3M__Yeast_MTACAstral__EntrapR1.json	C:\Users\n.t.wamsley\Documents\PIONEER_PAPER\MtacYeastAlternating3M\MtacYeastAlternating3M_EntrapR1
MtacYeastAlternating3M	MtacYeastAlternating3M	Yeast	MTACAstral	EntrapR2	true	2	false		true	json/MtacYeastAlternating3M/MtacYeastAlternating3M__Yeast_MTACAstral__EntrapR2.json	C:\Users\n.t.wamsley\Documents\PIONEER_PAPER\MtacYeastAlternating3M\MtacYeastAlternating3M_EntrapR2
MtacYeastAlternating3M	MtacYeastAlternating3M	Yeast	MTACAstral	EntrapR3	true	2	false		true	json/MtacYeastAlternating3M/MtacYeastAlternating3M__Yeast_MTACAstral__EntrapR3.json	C:\Users\n.t.wamsley\Documents\PIONEER_PAPER\MtacYeastAlternating3M\MtacYeastAlternating3M_EntrapR3
MtacYeastAlternating3M	MtacYeastAlternating3M	Yeast	MTACAstral	Standard-Isotopes1	true	1	false		true	json/MtacYeastAlternating3M/MtacYeastAlternating3M__Yeast_MTACAstral__Standard__Isotopes1.json	C:\Users\n.t.wamsley\Documents\PIONEER_PAPER\MtacYeastAlternating3M\MtacYeastAlternating3M_Standard_Isotopes1
MtacYeastAlternating3M	MtacYeastAlternating3M	Yeast	MTACAstral	Standard-Isotopes3	true	3	false		true	json/MtacYeastAlternating3M/MtacYeastAlternating3M__Yeast_MTACAstral__Standard__Isotopes3.json	C:\Users\n.t.wamsley\Documents\PIONEER_PAPER\MtacYeastAlternating3M\MtacYeastAlternating3M_Standard_Isotopes3
MtacYeastAlternating3M	MtacYeastAlternating3M	Yeast	MTACAstral	Standard-Huber100	true	2	true	100	true	json/MtacYeastAlternating3M/MtacYeastAlternating3M__Yeast_MTACAstral__Standard__HuberDelta_100.json	C:\Users\n.t.wamsley\Documents\PIONEER_PAPER\MtacYeastAlternating3M\MtacYeastAlternating3M_Standard_Huber100
MtacYeastAlternating3M	MtacYeastAlternating3M	Yeast	MTACAstral	Standard-Huber500	true	2	true	500	true	json/MtacYeastAlternating3M/MtacYeastAlternating3M__Yeast_MTACAstral__Standard__HuberDelta_500.json	C:\Users\n.t.wamsley\Documents\PIONEER_PAPER\MtacYeastAlternating3M\MtacYeastAlternating3M_Standard_Huber500
MtacYeastAlternating3M	MtacYeastAlternating3M	Yeast	MTACAstral	Standard-Huber1500	true	2	true	1500	true	json/MtacYeastAlternating3M/MtacYeastAlternating3M__Yeast_MTACAstral__Standard__HuberDelta_1500.json	C:\Users\n.t.wamsley\Documents\PIONEER_PAPER\MtacYeastAlternating3M\MtacYeastAlternating3M_Standard_Huber1500
MtacYeastAlternating3M	MtacYeastAlternating3M	Yeast	MTACAstral	Standard-Huber5275	true	2	true	5275	true	json/MtacYeastAlternating3M/MtacYeastAlternating3M__Yeast_MTACAstral__Standard__HuberDelta_5275.json	C:\Users\n.t.wamsley\Documents\PIONEER_PAPER\MtacYeastAlternating3M\MtacYeastAlternating3M_Standard_Huber5275
MtacYeastAlternating3M	MtacYeastAlternating3M	Yeast	MTACAstral	Standard-Huber26375	true	2	true	26375	true	json/MtacYeastAlternating3M/MtacYeastAlternating3M__Yeast_MTACAstral__Standard__HuberDelta_26375.json	C:\Users\n.t.wamsley\Documents\PIONEER_PAPER\MtacYeastAlternating3M\MtacYeastAlternating3M_Standard_Huber26375
MtacYeastAlternating3M	MtacYeastAlternating3M	Yeast	MTACAstral	Standard-Huber1000000	true	2	true	1000000	true	json/MtacYeastAlternating3M/MtacYeastAlternating3M__Yeast_MTACAstral__Standard__HuberDelta_1000000.json	C:\Users\n.t.wamsley\Documents\PIONEER_PAPER\MtacYeastAlternating3M\MtacYeastAlternating3M_Standard_Huber1000000
OlsenExplorisThreeProteome500ng	OlsenExplorisThreeProteome500ng	3P	OlsenExploris	Standard	true	2	false		true	json/OlsenExplorisThreeProteome500ng/OlsenExplorisThreeProteome500ng__3P_OlsenExploris__Standard.json	C:\Users\n.t.wamsley\Documents\PIONEER_PAPER\OlsenExplorisThreeProteome500ng\OlsenExplorisThreeProteome500ng_Standard
OlsenExplorisThreeProteome500ng	OlsenExplorisThreeProteome500ng	3P	OlsenExploris	ARAB	true	2	false		true	json/OlsenExplorisThreeProteome500ng/OlsenExplorisThreeProteome500ng__3P_OlsenExploris__ARAB.json	C:\Users\n.t.wamsley\Documents\PIONEER_PAPER\OlsenExplorisThreeProteome500ng\OlsenExplorisThreeProteome500ng_ARAB
OlsenExplorisThreeProteome500ng	OlsenExplorisThreeProteome500ng	3P	OlsenExploris	EntrapR1	true	2	false		true	json/OlsenExplorisThreeProteome500ng/OlsenExplorisThreeProteome500ng__3P_OlsenExploris__EntrapR1.json	C:\Users\n.t.wamsley\Documents\PIONEER_PAPER\OlsenExplorisThreeProteome500ng\OlsenExplorisThreeProteome500ng_EntrapR1
OlsenExplorisThreeProteome500ng	OlsenExplorisThreeProteome500ng	3P	OlsenExploris	EntrapR2	true	2	false		true	json/OlsenExplorisThreeProteome500ng/OlsenExplorisThreeProteome500ng__3P_OlsenExploris__EntrapR2.json	C:\Users\n.t.wamsley\Documents\PIONEER_PAPER\OlsenExplorisThreeProteome500ng\OlsenExplorisThreeProteome500ng_EntrapR2
OlsenExplorisThreeProteome500ng	OlsenExplorisThreeProteome500ng	3P	OlsenExploris	EntrapR3	true	2	false		true	json/OlsenExplorisThreeProteome500ng/OlsenExplorisThreeProteome500ng__3P_OlsenExploris__EntrapR3.json	C:\Users\n.t.wamsley\Documents\PIONEER_PAPER\OlsenExplorisThreeProteome500ng\OlsenExplorisThreeProteome500ng_EntrapR3
OlsenExplorisThreeProteome500ng	OlsenExplorisThreeProteome500ng	3P	OlsenExploris	Standard-Isotopes1	true	1	false		true	json/OlsenExplorisThreeProteome500ng/OlsenExplorisThreeProteome500ng__3P_OlsenExploris__Standard__Isotopes1.json	C:\Users\n.t.wamsley\Documents\PIONEER_PAPER\OlsenExplorisThreeProteome500ng\OlsenExplorisThreeProteome500ng_Standard_Isotopes1
OlsenExplorisThreeProteome500ng	OlsenExplorisThreeProteome500ng	3P	OlsenExploris	Standard-Isotopes3	true	3	false		true	json/OlsenExplorisThreeProteome500ng/OlsenExplorisThreeProteome500ng__3P_OlsenExploris__Standard__Isotopes3.json	C:\Users\n.t.wamsley\Documents\PIONEER_PAPER\OlsenExplorisThreeProteome500ng\OlsenExplorisThreeProteome500ng_Standard_Isotopes3
OlsenExplorisThreeProteome500ng	OlsenExplorisThreeProteome500ng	3P	OlsenExploris	Standard-Huber100	true	2	true	100	true	json/OlsenExplorisThreeProteome500ng/OlsenExplorisThreeProteome500ng__3P_OlsenExploris__Standard__HuberDelta_100.json	C:\Users\n.t.wamsley\Documents\PIONEER_PAPER\OlsenExplorisThreeProteome500ng\OlsenExplorisThreeProteome500ng_Standard_Huber100
OlsenExplorisThreeProteome500ng	OlsenExplorisThreeProteome500ng	3P	OlsenExploris	Standard-Huber500	true	2	true	500	true	json/OlsenExplorisThreeProteome500ng/OlsenExplorisThreeProteome500ng__3P_OlsenExploris__Standard__HuberDelta_500.json	C:\Users\n.t.wamsley\Documents\PIONEER_PAPER\OlsenExplorisThreeProteome500ng\OlsenExplorisThreeProteome500ng_Standard_Huber500
OlsenExplorisThreeProteome500ng	OlsenExplorisThreeProteome500ng	3P	OlsenExploris	Standard-Huber1500	true	2	true	1500	true	json/OlsenExplorisThreeProteome500ng/OlsenExplorisThreeProteome500ng__3P_OlsenExploris__Standard__HuberDelta_1500.json	C:\Users\n.t.wamsley\Documents\PIONEER_PAPER\OlsenExplorisThreeProteome500ng\OlsenExplorisThreeProteome500ng_Standard_Huber1500
OlsenExplorisThreeProteome500ng	OlsenExplorisThreeProteome500ng	3P	OlsenExploris	Standard-Huber5275	true	2	true	5275	true	json/OlsenExplorisThreeProteome500ng/OlsenExplorisThreeProteome500ng__3P_OlsenExploris__Standard__HuberDelta_5275.json	C:\Users\n.t.wamsley\Documents\PIONEER_PAPER\OlsenExplorisThreeProteome500ng\OlsenExplorisThreeProteome500ng_Standard_Huber5275
OlsenExplorisThreeProteome500ng	OlsenExplorisThreeProteome500ng	3P	OlsenExploris	Standard-Huber26375	true	2	true	26375	true	json/OlsenExplorisThreeProteome500ng/OlsenExplorisThreeProteome500ng__3P_OlsenExploris__Standard__HuberDelta_26375.json	C:\Users\n.t.wamsley\Documents\PIONEER_PAPER\OlsenExplorisThreeProteome500ng\OlsenExplorisThreeProteome500ng_Standard_Huber26375
OlsenExplorisThreeProteome500ng	OlsenExplorisThreeProteome500ng	3P	OlsenExploris	Standard-Huber1000000	true	2	true	1000000	true	json/OlsenExplorisThreeProteome500ng/OlsenExplorisThreeProteome500ng__3P_OlsenExploris__Standard__HuberDelta_1000000.json	C:\Users\n.t.wamsley\Documents\PIONEER_PAPER\OlsenExplorisThreeProteome500ng\OlsenExplorisThreeProteome500ng_Standard_Huber1000000

SciexThreeProteomeNswath4	SciexThreeProteomeNswath4	3P	Sciex	Standard	true	2	false		true	json/SciexThreeProteomeNswath4/SciexThreeProteomeNswath4__3P_Sciex__Standard.json	C:\Users\n.t.wamsley\Documents\PIONEER_PAPER\SciexThreeProteomeNswath4\SciexThreeProteomeNswath4_Standard
SciexThreeProteomeNswath4	SciexThreeProteomeNswath4	3P	Sciex	ARAB	true	2	false		true	json/SciexThreeProteomeNswath4/SciexThreeProteomeNswath4__3P_Sciex__ARAB.json	C:\Users\n.t.wamsley\Documents\PIONEER_PAPER\SciexThreeProteomeNswath4\SciexThreeProteomeNswath4_ARAB
SciexThreeProteomeNswath4	SciexThreeProteomeNswath4	3P	Sciex	EntrapR1	true	2	false		true	json/SciexThreeProteomeNswath4/SciexThreeProteomeNswath4__3P_Sciex__EntrapR1.json	C:\Users\n.t.wamsley\Documents\PIONEER_PAPER\SciexThreeProteomeNswath4\SciexThreeProteomeNswath4_EntrapR1
SciexThreeProteomeNswath4	SciexThreeProteomeNswath4	3P	Sciex	EntrapR2	true	2	false		true	json/SciexThreeProteomeNswath4/SciexThreeProteomeNswath4__3P_Sciex__EntrapR2.json	C:\Users\n.t.wamsley\Documents\PIONEER_PAPER\SciexThreeProteomeNswath4\SciexThreeProteomeNswath4_EntrapR2
SciexThreeProteomeNswath4	SciexThreeProteomeNswath4	3P	Sciex	EntrapR3	true	2	false		true	json/SciexThreeProteomeNswath4/SciexThreeProteomeNswath4__3P_Sciex__EntrapR3.json	C:\Users\n.t.wamsley\Documents\PIONEER_PAPER\SciexThreeProteomeNswath4\SciexThreeProteomeNswath4_EntrapR3
SciexThreeProteomeNswath4	SciexThreeProteomeNswath4	3P	Sciex	Standard-Isotopes1	true	1	false		true	json/SciexThreeProteomeNswath4/SciexThreeProteomeNswath4__3P_Sciex__Standard__Isotopes1.json	C:\Users\n.t.wamsley\Documents\PIONEER_PAPER\SciexThreeProteomeNswath4\SciexThreeProteomeNswath4_Standard_Isotopes1
SciexThreeProteomeNswath4	SciexThreeProteomeNswath4	3P	Sciex	Standard-Isotopes3	true	3	false		true	json/SciexThreeProteomeNswath4/SciexThreeProteomeNswath4__3P_Sciex__Standard__Isotopes3.json	C:\Users\n.t.wamsley\Documents\PIONEER_PAPER\SciexThreeProteomeNswath4\SciexThreeProteomeNswath4_Standard_Isotopes3
SciexThreeProteomeNswath4	SciexThreeProteomeNswath4	3P	Sciex	Standard-Huber100	true	2	true	100	true	json/SciexThreeProteomeNswath4/SciexThreeProteomeNswath4__3P_Sciex__Standard__HuberDelta_100.json	C:\Users\n.t.wamsley\Documents\PIONEER_PAPER\SciexThreeProteomeNswath4\SciexThreeProteomeNswath4_Standard_Huber100
SciexThreeProteomeNswath4	SciexThreeProteomeNswath4	3P	Sciex	Standard-Huber500	true	2	true	500	true	json/SciexThreeProteomeNswath4/SciexThreeProteomeNswath4__3P_Sciex__Standard__HuberDelta_500.json	C:\Users\n.t.wamsley\Documents\PIONEER_PAPER\SciexThreeProteomeNswath4\SciexThreeProteomeNswath4_Standard_Huber500
SciexThreeProteomeNswath4	SciexThreeProteomeNswath4	3P	Sciex	Standard-Huber1500	true	2	true	1500	true	json/SciexThreeProteomeNswath4/SciexThreeProteomeNswath4__3P_Sciex__Standard__HuberDelta_1500.json	C:\Users\n.t.wamsley\Documents\PIONEER_PAPER\SciexThreeProteomeNswath4\SciexThreeProteomeNswath4_Standard_Huber1500
SciexThreeProteomeNswath4	SciexThreeProteomeNswath4	3P	Sciex	Standard-Huber5275	true	2	true	5275	true	json/SciexThreeProteomeNswath4/SciexThreeProteomeNswath4__3P_Sciex__Standard__HuberDelta_5275.json	C:\Users\n.t.wamsley\Documents\PIONEER_PAPER\SciexThreeProteomeNswath4\SciexThreeProteomeNswath4_Standard_Huber5275
SciexThreeProteomeNswath4	SciexThreeProteomeNswath4	3P	Sciex	Standard-Huber26375	true	2	true	26375	true	json/SciexThreeProteomeNswath4/SciexThreeProteomeNswath4__3P_Sciex__Standard__HuberDelta_26375.json	C:\Users\n.t.wamsley\Documents\PIONEER_PAPER\SciexThreeProteomeNswath4\SciexThreeProteomeNswath4_Standard_Huber26375
SciexThreeProteomeNswath4	SciexThreeProteomeNswath4	3P	Sciex	Standard-Huber1000000	true	2	true	1000000	true	json/SciexThreeProteomeNswath4/SciexThreeProteomeNswath4__3P_Sciex__Standard__HuberDelta_1000000.json	C:\Users\n.t.wamsley\Documents\PIONEER_PAPER\SciexThreeProteomeNswath4\SciexThreeProteomeNswath4_Standard_Huber1000000

MtacYeastAlternating5M	MtacYeastAlternating5M	Yeast	MTACAstral	Standard	false	2	false		true	json/MtacYeastAlternating5M/MtacYeastAlternating5M__Yeast_MTACAstral__Standard__SeparateTraces.json	C:\Users\n.t.wamsley\Documents\PIONEER_PAPER\MtacYeastAlternating5M\MtacYeastAlternating5M_Standard_SeparateTraces
MtacYeastAlternating5M	MtacYeastAlternating5M	Yeast	MTACAstral	ARAB	true	2	false		true	json/MtacYeastAlternating5M/MtacYeastAlternating5M__Yeast_MTACAstral__ARAB.json	C:\Users\n.t.wamsley\Documents\PIONEER_PAPER\MtacYeastAlternating5M\MtacYeastAlternating5M_ARAB
MtacYeastAlternating5M	MtacYeastAlternating5M	Yeast	MTACAstral	EntrapR1	true	2	false		true	json/MtacYeastAlternating5M/MtacYeastAlternating5M__Yeast_MTACAstral__EntrapR1.json	C:\Users\n.t.wamsley\Documents\PIONEER_PAPER\MtacYeastAlternating5M\MtacYeastAlternating5M_EntrapR1
MtacYeastAlternating5M	MtacYeastAlternating5M	Yeast	MTACAstral	EntrapR2	true	2	false		true	json/MtacYeastAlternating5M/MtacYeastAlternating5M__Yeast_MTACAstral__EntrapR2.json	C:\Users\n.t.wamsley\Documents\PIONEER_PAPER\MtacYeastAlternating5M\MtacYeastAlternating5M_EntrapR2
MtacYeastAlternating5M	MtacYeastAlternating5M	Yeast	MTACAstral	EntrapR3	true	2	false		true	json/MtacYeastAlternating5M/MtacYeastAlternating5M__Yeast_MTACAstral__EntrapR3.json	C:\Users\n.t.wamsley\Documents\PIONEER_PAPER\MtacYeastAlternating5M\MtacYeastAlternating5M_EntrapR3
MtacYeastAlternating5M	MtacYeastAlternating5M	Yeast	MTACAstral	Standard-Isotopes1	true	1	false		true	json/MtacYeastAlternating5M/MtacYeastAlternating5M__Yeast_MTACAstral__Standard__Isotopes1.json	C:\Users\n.t.wamsley\Documents\PIONEER_PAPER\MtacYeastAlternating5M\MtacYeastAlternating5M_Standard_Isotopes1
MtacYeastAlternating5M	MtacYeastAlternating5M	Yeast	MTACAstral	Standard-Isotopes3	true	3	false		true	json/MtacYeastAlternating5M/MtacYeastAlternating5M__Yeast_MTACAstral__Standard__Isotopes3.json	C:\Users\n.t.wamsley\Documents\PIONEER_PAPER\MtacYeastAlternating5M\MtacYeastAlternating5M_Standard_Isotopes3
MtacYeastAlternating5M	MtacYeastAlternating5M	Yeast	MTACAstral	Standard-Huber100	true	2	true	100	true	json/MtacYeastAlternating5M/MtacYeastAlternating5M__Yeast_MTACAstral__Standard__HuberDelta_100.json	C:\Users\n.t.wamsley\Documents\PIONEER_PAPER\MtacYeastAlternating5M\MtacYeastAlternating5M_Standard_Huber100
MtacYeastAlternating5M	MtacYeastAlternating5M	Yeast	MTACAstral	Standard-Huber500	true	2	true	500	true	json/MtacYeastAlternating5M/MtacYeastAlternating5M__Yeast_MTACAstral__Standard__HuberDelta_500.json	C:\Users\n.t.wamsley\Documents\PIONEER_PAPER\MtacYeastAlternating5M\MtacYeastAlternating5M_Standard_Huber500
MtacYeastAlternating5M	MtacYeastAlternating5M	Yeast	MTACAstral	Standard-Huber1500	true	2	true	1500	true	json/MtacYeastAlternating5M/MtacYeastAlternating5M__Yeast_MTACAstral__Standard__HuberDelta_1500.json	C:\Users\n.t.wamsley\Documents\PIONEER_PAPER\MtacYeastAlternating5M\MtacYeastAlternating5M_Standard_Huber1500
MtacYeastAlternating5M	MtacYeastAlternating5M	Yeast	MTACAstral	Standard-Huber5275	true	2	true	5275	true	json/MtacYeastAlternating5M/MtacYeastAlternating5M__Yeast_MTACAstral__Standard__HuberDelta_5275.json	C:\Users\n.t.wamsley\Documents\PIONEER_PAPER\MtacYeastAlternating5M\MtacYeastAlternating5M_Standard_Huber5275
MtacYeastAlternating5M	MtacYeastAlternating5M	Yeast	MTACAstral	Standard-Huber26375	true	2	true	26375	true	json/MtacYeastAlternating5M/MtacYeastAlternating5M__Yeast_MTACAstral__Standard__HuberDelta_26375.json	C:\Users\n.t.wamsley\Documents\PIONEER_PAPER\MtacYeastAlternating5M\MtacYeastAlternating5M_Standard_Huber26375
MtacYeastAlternating5M	MtacYeastAlternating5M	Yeast	MTACAstral	Standard-Huber1000000	true	2	true	1000000	true	json/MtacYeastAlternating5M/MtacYeastAlternating5M__Yeast_MTACAstral__Standard__HuberDelta_1000000.json	C:\Users\n.t.wamsley\Documents\PIONEER_PAPER\MtacYeastAlternating5M\MtacYeastAlternating5M_Standard_Huber1000000

MtacYeastStandard3M	MtacYeastStandard3M	Yeast	MTACAstral	Standard	false	2	false		true	json/MtacYeastStandard3M/MtacYeastStandard3M__Yeast_MTACAstral__Standard__SeparateTraces.json	C:\Users\n.t.wamsley\Documents\PIONEER_PAPER\MtacYeastStandard3M\MtacYeastStandard3M_Standard_SeparateTraces
MtacYeastStandard3M	MtacYeastStandard3M	Yeast	MTACAstral	ARAB	true	2	false		true	json/MtacYeastStandard3M/MtacYeastStandard3M__Yeast_MTACAstral__ARAB.json	C:\Users\n.t.wamsley\Documents\PIONEER_PAPER\MtacYeastStandard3M\MtacYeastStandard3M_ARAB
MtacYeastStandard3M	MtacYeastStandard3M	Yeast	MTACAstral	EntrapR1	true	2	false		true	json/MtacYeastStandard3M/MtacYeastStandard3M__Yeast_MTACAstral__EntrapR1.json	C:\Users\n.t.wamsley\Documents\PIONEER_PAPER\MtacYeastStandard3M\MtacYeastStandard3M_EntrapR1
MtacYeastStandard3M	MtacYeastStandard3M	Yeast	MTACAstral	EntrapR2	true	2	false		true	json/MtacYeastStandard3M/MtacYeastStandard3M__Yeast_MTACAstral__EntrapR2.json	C:\Users\n.t.wamsley\Documents\PIONEER_PAPER\MtacYeastStandard3M\MtacYeastStandard3M_EntrapR2
MtacYeastStandard3M	MtacYeastStandard3M	Yeast	MTACAstral	EntrapR3	true	2	false		true	json/MtacYeastStandard3M/MtacYeastStandard3M__Yeast_MTACAstral__EntrapR3.json	C:\Users\n.t.wamsley\Documents\PIONEER_PAPER\MtacYeastStandard3M\MtacYeastStandard3M_EntrapR3
MtacYeastStandard3M	MtacYeastStandard3M	Yeast	MTACAstral	Standard-Isotopes1	true	1	false		true	json/MtacYeastStandard3M/MtacYeastStandard3M__Yeast_MTACAstral__Standard__Isotopes1.json	C:\Users\n.t.wamsley\Documents\PIONEER_PAPER\MtacYeastStandard3M\MtacYeastStandard3M_Standard_Isotopes1
MtacYeastStandard3M	MtacYeastStandard3M	Yeast	MTACAstral	Standard-Isotopes3	true	3	false		true	json/MtacYeastStandard3M/MtacYeastStandard3M__Yeast_MTACAstral__Standard__Isotopes3.json	C:\Users\n.t.wamsley\Documents\PIONEER_PAPER\MtacYeastStandard3M\MtacYeastStandard3M_Standard_Isotopes3
MtacYeastStandard3M	MtacYeastStandard3M	Yeast	MTACAstral	Standard-Huber100	true	2	true	100	true	json/MtacYeastStandard3M/MtacYeastStandard3M__Yeast_MTACAstral__Standard__HuberDelta_100.json	C:\Users\n.t.wamsley\Documents\PIONEER_PAPER\MtacYeastStandard3M\MtacYeastStandard3M_Standard_Huber100
MtacYeastStandard3M	MtacYeastStandard3M	Yeast	MTACAstral	Standard-Huber500	true	2	true	500	true	json/MtacYeastStandard3M/MtacYeastStandard3M__Yeast_MTACAstral__Standard__HuberDelta_500.json	C:\Users\n.t.wamsley\Documents\PIONEER_PAPER\MtacYeastStandard3M\MtacYeastStandard3M_Standard_Huber500
MtacYeastStandard3M	MtacYeastStandard3M	Yeast	MTACAstral	Standard-Huber1500	true	2	true	1500	true	json/MtacYeastStandard3M/MtacYeastStandard3M__Yeast_MTACAstral__Standard__HuberDelta_1500.json	C:\Users\n.t.wamsley\Documents\PIONEER_PAPER\MtacYeastStandard3M\MtacYeastStandard3M_Standard_Huber1500
MtacYeastStandard3M	MtacYeastStandard3M	Yeast	MTACAstral	Standard-Huber5275	true	2	true	5275	true	json/MtacYeastStandard3M/MtacYeastStandard3M__Yeast_MTACAstral__Standard__HuberDelta_5275.json	C:\Users\n.t.wamsley\Documents\PIONEER_PAPER\MtacYeastStandard3M\MtacYeastStandard3M_Standard_Huber5275
MtacYeastStandard3M	MtacYeastStandard3M	Yeast	MTACAstral	Standard-Huber26375	true	2	true	26375	true	json/MtacYeastStandard3M/MtacYeastStandard3M__Yeast_MTACAstral__Standard__HuberDelta_26375.json	C:\Users\n.t.wamsley\Documents\PIONEER_PAPER\MtacYeastStandard3M\MtacYeastStandard3M_Standard_Huber26375
MtacYeastStandard3M	MtacYeastStandard3M	Yeast	MTACAstral	Standard-Huber1000000	true	2	true	1000000	true	json/MtacYeastStandard3M/MtacYeastStandard3M__Yeast_MTACAstral__Standard__HuberDelta_1000000.json	C:\Users\n.t.wamsley\Documents\PIONEER_PAPER\MtacYeastStandard3M\MtacYeastStandard3M_Standard_Huber1000000

MtacYeastStandard5M	MtacYeastStandard5M	Yeast	MTACAstral	Standard	false	2	false		true	json/MtacYeastStandard5M/MtacYeastStandard5M__Yeast_MTACAstral__Standard__SeparateTraces.json	C:\Users\n.t.wamsley\Documents\PIONEER_PAPER\MtacYeastStandard5M\MtacYeastStandard5M_Standard_SeparateTraces
MtacYeastStandard5M	MtacYeastStandard5M	Yeast	MTACAstral	ARAB	true	2	false		true	json/MtacYeastStandard5M/MtacYeastStandard5M__Yeast_MTACAstral__ARAB.json	C:\Users\n.t.wamsley\Documents\PIONEER_PAPER\MtacYeastStandard5M\MtacYeastStandard5M_ARAB
MtacYeastStandard5M	MtacYeastStandard5M	Yeast	MTACAstral	EntrapR1	true	2	false		true	json/MtacYeastStandard5M/MtacYeastStandard5M__Yeast_MTACAstral__EntrapR1.json	C:\Users\n.t.wamsley\Documents\PIONEER_PAPER\MtacYeastStandard5M\MtacYeastStandard5M_EntrapR1
MtacYeastStandard5M	MtacYeastStandard5M	Yeast	MTACAstral	EntrapR2	true	2	false		true	json/MtacYeastStandard5M/MtacYeastStandard5M__Yeast_MTACAstral__EntrapR2.json	C:\Users\n.t.wamsley\Documents\PIONEER_PAPER\MtacYeastStandard5M\MtacYeastStandard5M_EntrapR2
MtacYeastStandard5M	MtacYeastStandard5M	Yeast	MTACAstral	EntrapR3	true	2	false		true	json/MtacYeastStandard5M/MtacYeastStandard5M__Yeast_MTACAstral__EntrapR3.json	C:\Users\n.t.wamsley\Documents\PIONEER_PAPER\MtacYeastStandard5M\MtacYeastStandard5M_EntrapR3
MtacYeastStandard5M	MtacYeastStandard5M	Yeast	MTACAstral	Standard-Isotopes1	true	1	false		true	json/MtacYeastStandard5M/MtacYeastStandard5M__Yeast_MTACAstral__Standard__Isotopes1.json	C:\Users\n.t.wamsley\Documents\PIONEER_PAPER\MtacYeastStandard5M\MtacYeastStandard5M_Standard_Isotopes1
MtacYeastStandard5M	MtacYeastStandard5M	Yeast	MTACAstral	Standard-Isotopes3	true	3	false		true	json/MtacYeastStandard5M/MtacYeastStandard5M__Yeast_MTACAstral__Standard__Isotopes3.json	C:\Users\n.t.wamsley\Documents\PIONEER_PAPER\MtacYeastStandard5M\MtacYeastStandard5M_Standard_Isotopes3
MtacYeastStandard5M	MtacYeastStandard5M	Yeast	MTACAstral	Standard-Huber100	true	2	true	100	true	json/MtacYeastStandard5M/MtacYeastStandard5M__Yeast_MTACAstral__Standard__HuberDelta_100.json	C:\Users\n.t.wamsley\Documents\PIONEER_PAPER\MtacYeastStandard5M\MtacYeastStandard5M_Standard_Huber100
MtacYeastStandard5M	MtacYeastStandard5M	Yeast	MTACAstral	Standard-Huber500	true	2	true	500	true	json/MtacYeastStandard5M/MtacYeastStandard5M__Yeast_MTACAstral__Standard__HuberDelta_500.json	C:\Users\n.t.wamsley\Documents\PIONEER_PAPER\MtacYeastStandard5M\MtacYeastStandard5M_Standard_Huber500
MtacYeastStandard5M	MtacYeastStandard5M	Yeast	MTACAstral	Standard-Huber1500	true	2	true	1500	true	json/MtacYeastStandard5M/MtacYeastStandard5M__Yeast_MTACAstral__Standard__HuberDelta_1500.json	C:\Users\n.t.wamsley\Documents\PIONEER_PAPER\MtacYeastStandard5M\MtacYeastStandard5M_Standard_Huber1500
MtacYeastStandard5M	MtacYeastStandard5M	Yeast	MTACAstral	Standard-Huber5275	true	2	true	5275	true	json/MtacYeastStandard5M/MtacYeastStandard5M__Yeast_MTACAstral__Standard__HuberDelta_5275.json	C:\Users\n.t.wamsley\Documents\PIONEER_PAPER\MtacYeastStandard5M\MtacYeastStandard5M_Standard_Huber5275
MtacYeastStandard5M	MtacYeastStandard5M	Yeast	MTACAstral	Standard-Huber26375	true	2	true	26375	true	json/MtacYeastStandard5M/MtacYeastStandard5M__Yeast_MTACAstral__Standard__HuberDelta_26375.json	C:\Users\n.t.wamsley\Documents\PIONEER_PAPER\MtacYeastStandard5M\MtacYeastStandard5M_Standard_Huber26375
MtacYeastStandard5M	MtacYeastStandard5M	Yeast	MTACAstral	Standard-Huber1000000	true	2	true	1000000	true	json/MtacYeastStandard5M/MtacYeastStandard5M__Yeast_MTACAstral__Standard__HuberDelta_1000000.json	C:\Users\n.t.wamsley\Documents\PIONEER_PAPER\MtacYeastStandard5M\MtacYeastStandard5M_Standard_Huber1000000

OlsenAstralThreeProteome200ng	OlsenAstralThreeProteome200ng	3P	OlsenAstral	Standard	true	2	false		true	json/OlsenAstralThreeProteome200ng/OlsenAstralThreeProteome200ng__3P_OlsenAstral__Standard.json	C:\Users\n.t.wamsley\Documents\PIONEER_PAPER\OlsenAstralThreeProteome200ng\OlsenAstralThreeProteome200ng_Standard
OlsenAstralThreeProteome200ng	OlsenAstralThreeProteome200ng	3P	OlsenAstral	ARAB	true	2	false		true	json/OlsenAstralThreeProteome200ng/OlsenAstralThreeProteome200ng__3P_OlsenAstral__ARAB.json	C:\Users\n.t.wamsley\Documents\PIONEER_PAPER\OlsenAstralThreeProteome200ng\OlsenAstralThreeProteome200ng_ARAB
OlsenAstralThreeProteome200ng	OlsenAstralThreeProteome200ng	3P	OlsenAstral	EntrapR1	true	2	false		true	json/OlsenAstralThreeProteome200ng/OlsenAstralThreeProteome200ng__3P_OlsenAstral__EntrapR1.json	C:\Users\n.t.wamsley\Documents\PIONEER_PAPER\OlsenAstralThreeProteome200ng\OlsenAstralThreeProteome200ng_EntrapR1
OlsenAstralThreeProteome200ng	OlsenAstralThreeProteome200ng	3P	OlsenAstral	EntrapR2	true	2	false		true	json/OlsenAstralThreeProteome200ng/OlsenAstralThreeProteome200ng__3P_OlsenAstral__EntrapR2.json	C:\Users\n.t.wamsley\Documents\PIONEER_PAPER\OlsenAstralThreeProteome200ng\OlsenAstralThreeProteome200ng_EntrapR2
OlsenAstralThreeProteome200ng	OlsenAstralThreeProteome200ng	3P	OlsenAstral	EntrapR3	true	2	false		true	json/OlsenAstralThreeProteome200ng/OlsenAstralThreeProteome200ng__3P_OlsenAstral__EntrapR3.json	C:\Users\n.t.wamsley\Documents\PIONEER_PAPER\OlsenAstralThreeProteome200ng\OlsenAstralThreeProteome200ng_EntrapR3
OlsenAstralThreeProteome200ng	OlsenAstralThreeProteome200ng	3P	OlsenAstral	Standard-Isotopes1	true	1	false		true	json/OlsenAstralThreeProteome200ng/OlsenAstralThreeProteome200ng__3P_OlsenAstral__Standard__Isotopes1.json	C:\Users\n.t.wamsley\Documents\PIONEER_PAPER\OlsenAstralThreeProteome200ng\OlsenAstralThreeProteome200ng_Standard_Isotopes1
OlsenAstralThreeProteome200ng	OlsenAstralThreeProteome200ng	3P	OlsenAstral	Standard-Isotopes3	true	3	false		true	json/OlsenAstralThreeProteome200ng/OlsenAstralThreeProteome200ng__3P_OlsenAstral__Standard__Isotopes3.json	C:\Users\n.t.wamsley\Documents\PIONEER_PAPER\OlsenAstralThreeProteome200ng\OlsenAstralThreeProteome200ng_Standard_Isotopes3
OlsenAstralThreeProteome200ng	OlsenAstralThreeProteome200ng	3P	OlsenAstral	Standard-Huber100	true	2	true	100	true	json/OlsenAstralThreeProteome200ng/OlsenAstralThreeProteome200ng__3P_OlsenAstral__Standard__HuberDelta_100.json	C:\Users\n.t.wamsley\Documents\PIONEER_PAPER\OlsenAstralThreeProteome200ng\OlsenAstralThreeProteome200ng_Standard_Huber100
OlsenAstralThreeProteome200ng	OlsenAstralThreeProteome200ng	3P	OlsenAstral	Standard-Huber500	true	2	true	500	true	json/OlsenAstralThreeProteome200ng/OlsenAstralThreeProteome200ng__3P_OlsenAstral__Standard__HuberDelta_500.json	C:\Users\n.t.wamsley\Documents\PIONEER_PAPER\OlsenAstralThreeProteome200ng\OlsenAstralThreeProteome200ng_Standard_Huber500
OlsenAstralThreeProteome200ng	OlsenAstralThreeProteome200ng	3P	OlsenAstral	Standard-Huber1500	true	2	true	1500	true	json/OlsenAstralThreeProteome200ng/OlsenAstralThreeProteome200ng__3P_OlsenAstral__Standard__HuberDelta_1500.json	C:\Users\n.t.wamsley\Documents\PIONEER_PAPER\OlsenAstralThreeProteome200ng\OlsenAstralThreeProteome200ng_Standard_Huber1500
OlsenAstralThreeProteome200ng	OlsenAstralThreeProteome200ng	3P	OlsenAstral	Standard-Huber5275	true	2	true	5275	true	json/OlsenAstralThreeProteome200ng/OlsenAstralThreeProteome200ng__3P_OlsenAstral__Standard__HuberDelta_5275.json	C:\Users\n.t.wamsley\Documents\PIONEER_PAPER\OlsenAstralThreeProteome200ng\OlsenAstralThreeProteome200ng_Standard_Huber5275
OlsenAstralThreeProteome200ng	OlsenAstralThreeProteome200ng	3P	OlsenAstral	Standard-Huber26375	true	2	true	26375	true	json/OlsenAstralThreeProteome200ng/OlsenAstralThreeProteome200ng__3P_OlsenAstral__Standard__HuberDelta_26375.json	C:\Users\n.t.wamsley\Documents\PIONEER_PAPER\OlsenAstralThreeProteome200ng\OlsenAstralThreeProteome200ng_Standard_Huber26375
OlsenAstralThreeProteome200ng	OlsenAstralThreeProteome200ng	3P	OlsenAstral	Standard-Huber1000000	true	2	true	1000000	true	json/OlsenAstralThreeProteome200ng/OlsenAstralThreeProteome200ng__3P_OlsenAstral__Standard__HuberDelta_1000000.json	C:\Users\n.t.wamsley\Documents\PIONEER_PAPER\OlsenAstralThreeProteome200ng\OlsenAstralThreeProteome200ng_Standard_Huber1000000
EWZ_MBR	EWZ_MBR	YeastHuman	Eclipse	Standard	true	2	false		true	json/EWZ_MBR/EWZ_MBR__3P_OlsenExploris__Standard.json	C:\Users\n.t.wamsley\Documents\PIONEER_PAPER\EWZ_MBR\EWZ_MBR_Standard
EWZ_MBR	EWZ_MBR	YeastHuman	Eclipse	ARAB	true	2	false		true	json/EWZ_MBR/EWZ_MBR__3P_OlsenExploris__ARAB.json	C:\Users\n.t.wamsley\Documents\PIONEER_PAPER\EWZ_MBR\EWZ_MBR_ARAB
EWZ_MBR	EWZ_MBR	YeastHuman	Eclipse	EntrapR1	true	2	false		true	json/EWZ_MBR/EWZ_MBR__3P_OlsenExploris__EntrapR1.json	C:\Users\n.t.wamsley\Documents\PIONEER_PAPER\EWZ_MBR\EWZ_MBR_EntrapR1
EWZ_MBR	EWZ_MBR	YeastHuman	Eclipse	EntrapR2	true	2	false		true	json/EWZ_MBR/EWZ_MBR__3P_OlsenExploris__EntrapR2.json	C:\Users\n.t.wamsley\Documents\PIONEER_PAPER\EWZ_MBR\EWZ_MBR_EntrapR2
EWZ_MBR	EWZ_MBR	YeastHuman	Eclipse	EntrapR3	true	2	false		true	json/EWZ_MBR/EWZ_MBR__3P_OlsenExploris__EntrapR3.json	C:\Users\n.t.wamsley\Documents\PIONEER_PAPER\EWZ_MBR\EWZ_MBR_EntrapR3
EWZ_MBR	EWZ_MBR	YeastHuman	Eclipse	Standard-MBRoff	true	2	false		false	json/EWZ_MBR/EWZ_MBR__3P_OlsenExploris__Standard__MBRoff.json	C:\Users\n.t.wamsley\Documents\PIONEER_PAPER\EWZ_MBR\EWZ_MBR_Standard_MBRoff
SingleCell	SingleCell	Human	SCP	Standard	true	2	false		true	json/SingleCell/SingleCell__Human_SCP__1000pg_12ms__Standard.json	C:\Users\n.t.wamsley\Documents\PIONEER_PAPER\SingleCell\SingleCell_1000pg_12ms_Standard
SingleCell	SingleCell	Human	SCP	ARAB	true	2	false		true	json/SingleCell/SingleCell__Human_SCP__1000pg_24ms__ARAB.json	C:\Users\n.t.wamsley\Documents\PIONEER_PAPER\SingleCell\SingleCell_1000pg_24ms_ARAB
SingleCell	SingleCell	Human	SCP	EntrapR1	true	2	false		true	json/SingleCell/SingleCell__Human_SCP__1000pg_24ms__EntrapR1.json	C:\Users\n.t.wamsley\Documents\PIONEER_PAPER\SingleCell\SingleCell_1000pg_24ms_EntrapR1
SingleCell	SingleCell	Human	SCP	EntrapR2	true	2	false		true	json/SingleCell/SingleCell__Human_SCP__1000pg_24ms__EntrapR2.json	C:\Users\n.t.wamsley\Documents\PIONEER_PAPER\SingleCell\SingleCell_1000pg_24ms_EntrapR2
SingleCell	SingleCell	Human	SCP	EntrapR3	true	2	false		true	json/SingleCell/SingleCell__Human_SCP__1000pg_24ms__EntrapR3.json	C:\Users\n.t.wamsley\Documents\PIONEER_PAPER\SingleCell\SingleCell_1000pg_24ms_EntrapR3
SingleCell	SingleCell	Human	SCP	Standard	true	2	false		true	json/SingleCell/SingleCell__Human_SCP__1000pg_24ms__Standard.json	C:\Users\n.t.wamsley\Documents\PIONEER_PAPER\SingleCell\SingleCell_1000pg_24ms_Standard
SingleCell	SingleCell	Human	SCP	Standard	true	2	false		true	json/SingleCell/SingleCell__Human_SCP__1000pg_3ms__Standard.json	C:\Users\n.t.wamsley\Documents\PIONEER_PAPER\SingleCell\SingleCell_1000pg_3ms_Standard
SingleCell	SingleCell	Human	SCP	Standard	true	2	false		true	json/SingleCell/SingleCell__Human_SCP__1000pg_6ms__Standard.json	C:\Users\n.t.wamsley\Documents\PIONEER_PAPER\SingleCell\SingleCell_1000pg_6ms_Standard
SingleCell	SingleCell	Human	SCP	Standard	true	2	false		true	json/SingleCell/SingleCell__Human_SCP__10ng_12ms__Standard.json	C:\Users\n.t.wamsley\Documents\PIONEER_PAPER\SingleCell\SingleCell_10ng_12ms_Standard
SingleCell	SingleCell	Human	SCP	ARAB	true	2	false		true	json/SingleCell/SingleCell__Human_SCP__10ng_24ms__ARAB.json	C:\Users\n.t.wamsley\Documents\PIONEER_PAPER\SingleCell\SingleCell_10ng_24ms_ARAB
SingleCell	SingleCell	Human	SCP	EntrapR1	true	2	false		true	json/SingleCell/SingleCell__Human_SCP__10ng_24ms__EntrapR1.json	C:\Users\n.t.wamsley\Documents\PIONEER_PAPER\SingleCell\SingleCell_10ng_24ms_EntrapR1
SingleCell	SingleCell	Human	SCP	EntrapR2	true	2	false		true	json/SingleCell/SingleCell__Human_SCP__10ng_24ms__EntrapR2.json	C:\Users\n.t.wamsley\Documents\PIONEER_PAPER\SingleCell\SingleCell_10ng_24ms_EntrapR2
SingleCell	SingleCell	Human	SCP	EntrapR3	true	2	false		true	json/SingleCell/SingleCell__Human_SCP__10ng_24ms__EntrapR3.json	C:\Users\n.t.wamsley\Documents\PIONEER_PAPER\SingleCell\SingleCell_10ng_24ms_EntrapR3
SingleCell	SingleCell	Human	SCP	Standard	true	2	false		true	json/SingleCell/SingleCell__Human_SCP__10ng_24ms__Standard.json	C:\Users\n.t.wamsley\Documents\PIONEER_PAPER\SingleCell\SingleCell_10ng_24ms_Standard
SingleCell	SingleCell	Human	SCP	Standard	true	2	false		true	json/SingleCell/SingleCell__Human_SCP__10ng_3ms__Standard.json	C:\Users\n.t.wamsley\Documents\PIONEER_PAPER\SingleCell\SingleCell_10ng_3ms_Standard
SingleCell	SingleCell	Human	SCP	Standard	true	2	false		true	json/SingleCell/SingleCell__Human_SCP__10ng_6ms__Standard.json	C:\Users\n.t.wamsley\Documents\PIONEER_PAPER\SingleCell\SingleCell_10ng_6ms_Standard
SingleCell	SingleCell	Human	SCP	Standard	true	2	false		true	json/SingleCell/SingleCell__Human_SCP__250pg_12ms__Standard.json	C:\Users\n.t.wamsley\Documents\PIONEER_PAPER\SingleCell\SingleCell_250pg_12ms_Standard
SingleCell	SingleCell	Human	SCP	ARAB	true	2	false		true	json/SingleCell/SingleCell__Human_SCP__250pg_24ms__ARAB.json	C:\Users\n.t.wamsley\Documents\PIONEER_PAPER\SingleCell\SingleCell_250pg_24ms_ARAB
SingleCell	SingleCell	Human	SCP	EntrapR1	true	2	false		true	json/SingleCell/SingleCell__Human_SCP__250pg_24ms__EntrapR1.json	C:\Users\n.t.wamsley\Documents\PIONEER_PAPER\SingleCell\SingleCell_250pg_24ms_EntrapR1
SingleCell	SingleCell	Human	SCP	EntrapR2	true	2	false		true	json/SingleCell/SingleCell__Human_SCP__250pg_24ms__EntrapR2.json	C:\Users\n.t.wamsley\Documents\PIONEER_PAPER\SingleCell\SingleCell_250pg_24ms_EntrapR2
SingleCell	SingleCell	Human	SCP	EntrapR3	true	2	false		true	json/SingleCell/SingleCell__Human_SCP__250pg_24ms__EntrapR3.json	C:\Users\n.t.wamsley\Documents\PIONEER_PAPER\SingleCell\SingleCell_250pg_24ms_EntrapR3
SingleCell	SingleCell	Human	SCP	Standard	true	2	false		true	json/SingleCell/SingleCell__Human_SCP__250pg_24ms__Standard.json	C:\Users\n.t.wamsley\Documents\PIONEER_PAPER\SingleCell\SingleCell_250pg_24ms_Standard
SingleCell	SingleCell	Human	SCP	Standard	true	2	false		true	json/SingleCell/SingleCell__Human_SCP__250pg_3ms__Standard.json	C:\Users\n.t.wamsley\Documents\PIONEER_PAPER\SingleCell\SingleCell_250pg_3ms_Standard
SingleCell	SingleCell	Human	SCP	Standard	true	2	false		true	json/SingleCell/SingleCell__Human_SCP__250pg_6ms__Standard.json	C:\Users\n.t.wamsley\Documents\PIONEER_PAPER\SingleCell\SingleCell_250pg_6ms_Standard
SingleCell	SingleCell	Human	SCP	Standard	true	2	false		true	json/SingleCell/SingleCell__Human_SCP__500pg_12ms__Standard.json	C:\Users\n.t.wamsley\Documents\PIONEER_PAPER\SingleCell\SingleCell_500pg_12ms_Standard
SingleCell	SingleCell	Human	SCP	ARAB	true	2	false		true	json/SingleCell/SingleCell__Human_SCP__500pg_24ms__ARAB.json	C:\Users\n.t.wamsley\Documents\PIONEER_PAPER\SingleCell\SingleCell_500pg_24ms_ARAB
SingleCell	SingleCell	Human	SCP	EntrapR1	true	2	false		true	json/SingleCell/SingleCell__Human_SCP__500pg_24ms__EntrapR1.json	C:\Users\n.t.wamsley\Documents\PIONEER_PAPER\SingleCell\SingleCell_500pg_24ms_EntrapR1
SingleCell	SingleCell	Human	SCP	EntrapR2	true	2	false		true	json/SingleCell/SingleCell__Human_SCP__500pg_24ms__EntrapR2.json	C:\Users\n.t.wamsley\Documents\PIONEER_PAPER\SingleCell\SingleCell_500pg_24ms_EntrapR2
SingleCell	SingleCell	Human	SCP	EntrapR3	true	2	false		true	json/SingleCell/SingleCell__Human_SCP__500pg_24ms__EntrapR3.json	C:\Users\n.t.wamsley\Documents\PIONEER_PAPER\SingleCell\SingleCell_500pg_24ms_EntrapR3
SingleCell	SingleCell	Human	SCP	Standard	true	2	false		true	json/SingleCell/SingleCell__Human_SCP__500pg_24ms__Standard.json	C:\Users\n.t.wamsley\Documents\PIONEER_PAPER\SingleCell\SingleCell_500pg_24ms_Standard
SingleCell	SingleCell	Human	SCP	Standard	true	2	false		true	json/SingleCell/SingleCell__Human_SCP__500pg_3ms__Standard.json	C:\Users\n.t.wamsley\Documents\PIONEER_PAPER\SingleCell\SingleCell_500pg_3ms_Standard
SingleCell	SingleCell	Human	SCP	Standard	true	2	false		true	json/SingleCell/SingleCell__Human_SCP__500pg_6ms__Standard.json	C:\Users\n.t.wamsley\Documents\PIONEER_PAPER\SingleCell\SingleCell_500pg_6ms_Standard
SingleCell	SingleCell	Human	SCP	Standard	true	2	false		true	json/SingleCell/SingleCell__Human_SCP__MBR example_24ms__Standard.json	C:\Users\n.t.wamsley\Documents\PIONEER_PAPER\SingleCell\SingleCell_MBR example_Standard
SingleCell	SingleCell	Human	SCP	Standard	true	2	false		true	json/SingleCell/SingleCell__Human_SCP__MBR example_24ms__Standard__MBRoff.json	C:\Users\n.t.wamsley\Documents\PIONEER_PAPER\SingleCell\SingleCell_MBR example_Standard__MBRoff
